-- phpMyAdmin SQL Dump
-- version 5.1.1
-- https://www.phpmyadmin.net/
--
-- Host: 127.0.0.1
-- Generation Time: Jan 14, 2023 at 06:13 AM
-- Server version: 10.4.22-MariaDB
-- PHP Version: 8.0.15

SET SQL_MODE = "NO_AUTO_VALUE_ON_ZERO";
START TRANSACTION;
SET time_zone = "+00:00";


/*!40101 SET @OLD_CHARACTER_SET_CLIENT=@@CHARACTER_SET_CLIENT */;
/*!40101 SET @OLD_CHARACTER_SET_RESULTS=@@CHARACTER_SET_RESULTS */;
/*!40101 SET @OLD_COLLATION_CONNECTION=@@COLLATION_CONNECTION */;
/*!40101 SET NAMES utf8mb4 */;

--
-- Database: `dt`
--

-- --------------------------------------------------------

--
-- Table structure for table `components`
--

CREATE TABLE `components` (
  `component_id` int(100) NOT NULL,
  `production_id` int(100) NOT NULL,
  `material_id` int(100) NOT NULL,
  `quantity` int(100) NOT NULL
) ENGINE=InnoDB DEFAULT CHARSET=utf8mb4;

--
-- Dumping data for table `components`
--

INSERT INTO `components` (`component_id`, `production_id`, `material_id`, `quantity`) VALUES
(60001, 50001, 30016, 1),
(60002, 50001, 30008, 3),
(60003, 50001, 30007, 4),
(60004, 50001, 30020, 4),
(60005, 50002, 30016, 1),
(60006, 50002, 30008, 3),
(60007, 50002, 30007, 4),
(60008, 50002, 30020, 4),
(60009, 50003, 30008, 3),
(60010, 50003, 30007, 4),
(60011, 50003, 30020, 4),
(60012, 50003, 30016, 1),
(60013, 50004, 30008, 3),
(60014, 50004, 30007, 4),
(60015, 50004, 30020, 4),
(60016, 50004, 30016, 1),
(60017, 50005, 30008, 3),
(60018, 50005, 30007, 4),
(60019, 50005, 30020, 4),
(60020, 50005, 30016, 1),
(60021, 50006, 30002, 3),
(60022, 50006, 30008, 4),
(60023, 50006, 30007, 4),
(60024, 50006, 30020, 1),
(60025, 50007, 30002, 3),
(60026, 50007, 30008, 4),
(60027, 50007, 30007, 4),
(60028, 50007, 30020, 1),
(60029, 50008, 30002, 1),
(60030, 50008, 30008, 3),
(60031, 50008, 30007, 4),
(60032, 50008, 30020, 4),
(60033, 50009, 30002, 1),
(60034, 50009, 30008, 3),
(60035, 50009, 30007, 4),
(60036, 50009, 30020, 4),
(60037, 50010, 30002, 1),
(60038, 50010, 30008, 3),
(60039, 50010, 30007, 4),
(60040, 50010, 30020, 4),
(60041, 50011, 30002, 1),
(60042, 50011, 30008, 3),
(60043, 50011, 30007, 4),
(60044, 50011, 30020, 4),
(60045, 50012, 30002, 1),
(60046, 50012, 30008, 3),
(60047, 50012, 30007, 4),
(60048, 50012, 30020, 4),
(60049, 50014, 30002, 1),
(60050, 50014, 30008, 3),
(60051, 50014, 30007, 4),
(60052, 50014, 30020, 4),
(60053, 50015, 30002, 1),
(60054, 50015, 30008, 3),
(60055, 50015, 30007, 4),
(60056, 50015, 30020, 4),
(60057, 50016, 30002, 1),
(60058, 50016, 30008, 3),
(60059, 50016, 30007, 4),
(60060, 50016, 30020, 4),
(60061, 50017, 30002, 1),
(60062, 50017, 30008, 3),
(60063, 50017, 30007, 4),
(60064, 50017, 30020, 4),
(60065, 50018, 30002, 1),
(60066, 50018, 30008, 3),
(60067, 50018, 30007, 4),
(60068, 50018, 30020, 4),
(60069, 50019, 30002, 1),
(60070, 50019, 30008, 3),
(60071, 50019, 30007, 4),
(60072, 50019, 30020, 4),
(60073, 50020, 30002, 1),
(60074, 50020, 30008, 3),
(60075, 50020, 30007, 4),
(60076, 50020, 30020, 4),
(60077, 50021, 30002, 1),
(60078, 50021, 30008, 3),
(60079, 50021, 30007, 4),
(60080, 50021, 30020, 4),
(60081, 50022, 30002, 1),
(60082, 50022, 30008, 3),
(60083, 50022, 30007, 4),
(60084, 50022, 30020, 4),
(60085, 50023, 30002, 1),
(60086, 50023, 30008, 3),
(60087, 50023, 30007, 4),
(60088, 50023, 30020, 4),
(60089, 50024, 30002, 1),
(60090, 50024, 30008, 3),
(60091, 50024, 30007, 4),
(60092, 50024, 30020, 4),
(60093, 50025, 30002, 1),
(60094, 50025, 30008, 3),
(60095, 50025, 30007, 4),
(60096, 50025, 30020, 4),
(60097, 50026, 30002, 1),
(60098, 50026, 30008, 3),
(60099, 50026, 30007, 4),
(60100, 50026, 30020, 4),
(60101, 50027, 30002, 1),
(60102, 50027, 30008, 3),
(60103, 50027, 30007, 4),
(60104, 50027, 30020, 4),
(60105, 50028, 30002, 1),
(60106, 50028, 30008, 3),
(60107, 50028, 30007, 4),
(60108, 50028, 30020, 4),
(60109, 50029, 30002, 1),
(60110, 50029, 30008, 3),
(60111, 50029, 30007, 4),
(60112, 50029, 30020, 4),
(60113, 50030, 30002, 1),
(60114, 50030, 30008, 3),
(60115, 50030, 30007, 4),
(60116, 50030, 30020, 4),
(60117, 50031, 30002, 1),
(60118, 50031, 30008, 3),
(60119, 50031, 30007, 4),
(60120, 50031, 30020, 4),
(60121, 50032, 30002, 1),
(60122, 50032, 30008, 3),
(60123, 50032, 30007, 4),
(60124, 50032, 30020, 4),
(60125, 50033, 30002, 1),
(60126, 50033, 30008, 3),
(60127, 50033, 30007, 4),
(60128, 50033, 30020, 4),
(60129, 50034, 30002, 1),
(60130, 50034, 30008, 3),
(60131, 50034, 30007, 4),
(60132, 50034, 30020, 4),
(60133, 50035, 30002, 1),
(60134, 50035, 30008, 3),
(60135, 50035, 30007, 4),
(60136, 50035, 30020, 4),
(60137, 50036, 30002, 1),
(60138, 50036, 30008, 3),
(60139, 50036, 30007, 4),
(60140, 50036, 30020, 4),
(60141, 50037, 30002, 1),
(60142, 50037, 30008, 3),
(60143, 50037, 30007, 4),
(60144, 50037, 30020, 4),
(60145, 50038, 30002, 1),
(60146, 50038, 30008, 3),
(60147, 50038, 30007, 4),
(60148, 50038, 30020, 4),
(60149, 50039, 30002, 1),
(60150, 50039, 30008, 3),
(60151, 50039, 30007, 4),
(60152, 50039, 30020, 4),
(60153, 50040, 30002, 1),
(60154, 50040, 30008, 3),
(60155, 50040, 30007, 4),
(60156, 50040, 30020, 4),
(60157, 50041, 30002, 1),
(60158, 50041, 30008, 3),
(60159, 50041, 30007, 4),
(60160, 50041, 30020, 4),
(60161, 50042, 30002, 1),
(60162, 50042, 30008, 3),
(60163, 50042, 30007, 4),
(60164, 50042, 30020, 4),
(60165, 50043, 30002, 1),
(60166, 50043, 30008, 3),
(60167, 50043, 30007, 4),
(60168, 50043, 30020, 4),
(60169, 50044, 30002, 1),
(60170, 50044, 30008, 3),
(60171, 50044, 30007, 4),
(60172, 50044, 30020, 4),
(60173, 50045, 30002, 1),
(60174, 50045, 30008, 3),
(60175, 50045, 30007, 4),
(60176, 50045, 30020, 4),
(60177, 50046, 30002, 1),
(60178, 50046, 30008, 3),
(60179, 50046, 30007, 4),
(60180, 50046, 30020, 4),
(60181, 50047, 30002, 1),
(60182, 50047, 30008, 3),
(60183, 50047, 30007, 4),
(60184, 50047, 30020, 4),
(60185, 50048, 30002, 1),
(60186, 50048, 30008, 3),
(60187, 50048, 30007, 4),
(60188, 50048, 30020, 4),
(60189, 50049, 30002, 1),
(60190, 50049, 30008, 3),
(60191, 50049, 30007, 4),
(60192, 50049, 30020, 4),
(60193, 50050, 30002, 1),
(60194, 50050, 30008, 3),
(60195, 50050, 30007, 4),
(60196, 50050, 30020, 4),
(60197, 50051, 30002, 1),
(60198, 50051, 30008, 3),
(60199, 50051, 30007, 4),
(60200, 50051, 30020, 4),
(60201, 50052, 30002, 1),
(60202, 50052, 30008, 3),
(60203, 50052, 30007, 4),
(60204, 50052, 30020, 4),
(60205, 50053, 30002, 1),
(60206, 50053, 30008, 3),
(60207, 50053, 30007, 4),
(60208, 50053, 30020, 4),
(60209, 50054, 30002, 1),
(60210, 50054, 30008, 3),
(60211, 50054, 30007, 4),
(60212, 50054, 30020, 4),
(60213, 50055, 30002, 1),
(60214, 50055, 30008, 3),
(60215, 50055, 30007, 4),
(60216, 50055, 30020, 4),
(60217, 50056, 30002, 1),
(60218, 50056, 30008, 3),
(60219, 50056, 30007, 4),
(60220, 50056, 30020, 4),
(60221, 50057, 30002, 1),
(60222, 50057, 30008, 3),
(60223, 50057, 30007, 4),
(60224, 50057, 30020, 4),
(60225, 50058, 30002, 1),
(60226, 50058, 30008, 3),
(60227, 50058, 30007, 4),
(60228, 50058, 30020, 4),
(60229, 50059, 30002, 1),
(60230, 50059, 30008, 3),
(60231, 50059, 30007, 4),
(60232, 50059, 30020, 4),
(60233, 50060, 30002, 1),
(60234, 50060, 30008, 3),
(60235, 50060, 30007, 4),
(60236, 50060, 30020, 4),
(60237, 50061, 30002, 1),
(60238, 50061, 30008, 3),
(60239, 50061, 30007, 4),
(60240, 50061, 30020, 4),
(60241, 50062, 30002, 1),
(60242, 50062, 30008, 3),
(60243, 50062, 30007, 4),
(60244, 50062, 30020, 4),
(60245, 50063, 30002, 1),
(60246, 50063, 30008, 3),
(60247, 50063, 30007, 4),
(60248, 50063, 30020, 4),
(60249, 50064, 30002, 1),
(60250, 50064, 30008, 3),
(60251, 50064, 30007, 4),
(60252, 50064, 30020, 4),
(60253, 50065, 30017, 1),
(60254, 50065, 30001, 1),
(60255, 50066, 30017, 1),
(60256, 50066, 30001, 1),
(60257, 50067, 30017, 1),
(60258, 50067, 30001, 1),
(60259, 50068, 30017, 1),
(60260, 50068, 30001, 1),
(60261, 50069, 30017, 1),
(60262, 50069, 30001, 1),
(60263, 50070, 30017, 1),
(60264, 50070, 30001, 1),
(60265, 50071, 30017, 1),
(60266, 50071, 30001, 1),
(60267, 50072, 30017, 1),
(60268, 50072, 30001, 1),
(60269, 50073, 30017, 1),
(60270, 50073, 30001, 1),
(60271, 50074, 30017, 1),
(60272, 50074, 30001, 1),
(60273, 50075, 30017, 1),
(60274, 50075, 30001, 1),
(60275, 50076, 30017, 1),
(60276, 50076, 30001, 1),
(60277, 50077, 30017, 1),
(60278, 50077, 30001, 1),
(60279, 50078, 30017, 1),
(60280, 50078, 30001, 1),
(60281, 50079, 30017, 1),
(60282, 50079, 30001, 1),
(60283, 50080, 30017, 1),
(60284, 50080, 30001, 1),
(60285, 50081, 30017, 1),
(60286, 50081, 30001, 1),
(60287, 50082, 30017, 1),
(60288, 50082, 30001, 1),
(60289, 50083, 30017, 1),
(60290, 50083, 30001, 1),
(60291, 50084, 30017, 1),
(60292, 50084, 30001, 1),
(60293, 50085, 30017, 1),
(60294, 50085, 30001, 1),
(60295, 50086, 30017, 1),
(60296, 50086, 30001, 1),
(60297, 50087, 30017, 1),
(60298, 50087, 30001, 1),
(60299, 50088, 30017, 1),
(60300, 50088, 30001, 1),
(60301, 50089, 30017, 1),
(60302, 50089, 30001, 1),
(60303, 50090, 30017, 1),
(60304, 50090, 30001, 1),
(60305, 50091, 30005, 1),
(60306, 50091, 30004, 1),
(60307, 50091, 30020, 6),
(60308, 50092, 30005, 1),
(60309, 50092, 30004, 1),
(60310, 50092, 30020, 6),
(60311, 50093, 30005, 1),
(60312, 50093, 30004, 1),
(60313, 50093, 30020, 6),
(60314, 50094, 30005, 1),
(60315, 50094, 30004, 1),
(60316, 50094, 30020, 6),
(60317, 50095, 30005, 1),
(60318, 50095, 30004, 1),
(60319, 50095, 30020, 6),
(60320, 50096, 30005, 1),
(60321, 50096, 30004, 1),
(60322, 50096, 30020, 6),
(60323, 50097, 30005, 1),
(60324, 50097, 30004, 1),
(60325, 50097, 30020, 6),
(60326, 50098, 30005, 1),
(60327, 50098, 30004, 1),
(60328, 50098, 30020, 6),
(60329, 50099, 30005, 1),
(60330, 50099, 30004, 1),
(60331, 50099, 30020, 6),
(60332, 50100, 30005, 1),
(60333, 50100, 30004, 1),
(60334, 50100, 30020, 6),
(60335, 50101, 30005, 1),
(60336, 50101, 30004, 1),
(60337, 50101, 30020, 6),
(60338, 50102, 30005, 1),
(60339, 50102, 30004, 1),
(60340, 50102, 30020, 6),
(60341, 50103, 30006, 1),
(60342, 50103, 30004, 1),
(60343, 50103, 30020, 6),
(60344, 50104, 30006, 1),
(60345, 50104, 30004, 1),
(60346, 50104, 30020, 6),
(60347, 50105, 30006, 1),
(60348, 50105, 30004, 1),
(60349, 50105, 30020, 6),
(60350, 50106, 30006, 1),
(60351, 50106, 30004, 1),
(60352, 50106, 30020, 6),
(60353, 50107, 30006, 1),
(60354, 50107, 30004, 1),
(60355, 50107, 30020, 6),
(60356, 50108, 30006, 1),
(60357, 50108, 30004, 1),
(60358, 50108, 30020, 6),
(60359, 50109, 30006, 1),
(60360, 50109, 30004, 1),
(60361, 50109, 30020, 6),
(60362, 50110, 30006, 1),
(60363, 50110, 30004, 1),
(60364, 50110, 30020, 6),
(60365, 50111, 30006, 1),
(60366, 50111, 30004, 1),
(60367, 50111, 30020, 6),
(60368, 50112, 30006, 1),
(60369, 50112, 30004, 1),
(60370, 50112, 30020, 6),
(60371, 50113, 30006, 1),
(60372, 50113, 30004, 1),
(60373, 50113, 30020, 6),
(60374, 50115, 30006, 1),
(60375, 50115, 30004, 1),
(60376, 50115, 30020, 6),
(60377, 50116, 30006, 1),
(60378, 50116, 30004, 1),
(60379, 50116, 30020, 6),
(60380, 50117, 30006, 1),
(60381, 50117, 30004, 1),
(60382, 50117, 30020, 6),
(60383, 50118, 30006, 1),
(60384, 50118, 30004, 1),
(60385, 50118, 30020, 6),
(60386, 50119, 30006, 1),
(60387, 50119, 30004, 1),
(60388, 50119, 30020, 6),
(60389, 50120, 30006, 1),
(60390, 50120, 30004, 1),
(60391, 50120, 30020, 6),
(60392, 50121, 30006, 1),
(60393, 50121, 30004, 1),
(60394, 50121, 30020, 6),
(60395, 50122, 30006, 1),
(60396, 50122, 30004, 1),
(60397, 50122, 30020, 6),
(60398, 50123, 30006, 1),
(60399, 50123, 30004, 1),
(60400, 50123, 30020, 6),
(60401, 50124, 30006, 1),
(60402, 50124, 30004, 1),
(60403, 50124, 30020, 6),
(60404, 50125, 30006, 1),
(60405, 50125, 30004, 1),
(60406, 50125, 30020, 6),
(60407, 50126, 30006, 1),
(60408, 50126, 30004, 1),
(60409, 50126, 30020, 6),
(60410, 50127, 30006, 1),
(60411, 50127, 30004, 1),
(60412, 50127, 30020, 6),
(60413, 50128, 30006, 1),
(60414, 50128, 30004, 1),
(60415, 50128, 30020, 6),
(60416, 50129, 30006, 1),
(60417, 50129, 30004, 1),
(60418, 50129, 30020, 6),
(60419, 50130, 30006, 1),
(60420, 50130, 30004, 1),
(60421, 50130, 30020, 6),
(60422, 50131, 30006, 1),
(60423, 50131, 30004, 1),
(60424, 50131, 30020, 6),
(60425, 50132, 30006, 1),
(60426, 50132, 30004, 1),
(60427, 50132, 30020, 6),
(60428, 50133, 30006, 1),
(60429, 50133, 30004, 1),
(60430, 50133, 30020, 6),
(60431, 50134, 30006, 1),
(60432, 50134, 30004, 1),
(60433, 50134, 30020, 6),
(60434, 50135, 30006, 1),
(60435, 50135, 30004, 1),
(60436, 50135, 30020, 6),
(60437, 50136, 30006, 1),
(60438, 50136, 30004, 1),
(60439, 50136, 30020, 6),
(60440, 50137, 30006, 1),
(60441, 50137, 30004, 1),
(60442, 50137, 30020, 6),
(60443, 50138, 30006, 1),
(60444, 50138, 30004, 1),
(60445, 50138, 30020, 6),
(60446, 50139, 30006, 1),
(60447, 50139, 30004, 1),
(60448, 50139, 30020, 6),
(60449, 50140, 30006, 1),
(60450, 50140, 30004, 1),
(60451, 50140, 30020, 6),
(60452, 50141, 30006, 1),
(60453, 50141, 30004, 1),
(60454, 50141, 30020, 6),
(60455, 50142, 30006, 1),
(60456, 50142, 30004, 1),
(60457, 50142, 30020, 6),
(60458, 50143, 30006, 1),
(60459, 50143, 30004, 1),
(60460, 50143, 30020, 6),
(60461, 50144, 30006, 1),
(60462, 50144, 30004, 1),
(60463, 50144, 30020, 6),
(60464, 50145, 30006, 1),
(60465, 50145, 30004, 1),
(60466, 50145, 30020, 6),
(60467, 50146, 30006, 1),
(60468, 50146, 30004, 1),
(60469, 50146, 30020, 6),
(60470, 50147, 30006, 1),
(60471, 50147, 30004, 1),
(60472, 50147, 30020, 6),
(60473, 50148, 30006, 1),
(60474, 50148, 30004, 1),
(60475, 50148, 30020, 6),
(60476, 50149, 30016, 1),
(60477, 50149, 30008, 1),
(60478, 50149, 30001, 1),
(60479, 50150, 30016, 1),
(60480, 50150, 30008, 1),
(60481, 50150, 30001, 1),
(60482, 50151, 30016, 1),
(60483, 50151, 30008, 1),
(60484, 50151, 30001, 1),
(60485, 50152, 30016, 1),
(60486, 50152, 30008, 1),
(60487, 50152, 30001, 1),
(60488, 50153, 30016, 1),
(60489, 50153, 30008, 1),
(60490, 50153, 30001, 1),
(60491, 50154, 30002, 1),
(60492, 50154, 30008, 1),
(60493, 50154, 30001, 1),
(60494, 50155, 30002, 1),
(60495, 50155, 30008, 1),
(60496, 50155, 30001, 1),
(60497, 50156, 30002, 1),
(60498, 50156, 30008, 1),
(60499, 50156, 30001, 1),
(60500, 50157, 30002, 1),
(60501, 50157, 30008, 1),
(60502, 50157, 30001, 1),
(60503, 50158, 30002, 1),
(60504, 50158, 30008, 1),
(60505, 50158, 30001, 1),
(60506, 50159, 30002, 1),
(60507, 50159, 30008, 1),
(60508, 50159, 30001, 1),
(60509, 50160, 30002, 1),
(60510, 50160, 30008, 1),
(60511, 50160, 30001, 1),
(60512, 50161, 30002, 1),
(60513, 50161, 30008, 1),
(60514, 50161, 30001, 1),
(60515, 50162, 30002, 1),
(60516, 50162, 30008, 1),
(60517, 50162, 30001, 1),
(60518, 50163, 30002, 1),
(60519, 50163, 30008, 1),
(60520, 50163, 30001, 1),
(60521, 50164, 30002, 1),
(60522, 50164, 30008, 1),
(60523, 50164, 30001, 1),
(60524, 50165, 30002, 1),
(60525, 50165, 30008, 1),
(60526, 50165, 30001, 1),
(60527, 50166, 30003, 1),
(60528, 50166, 30008, 1),
(60529, 50166, 30001, 1),
(60530, 50167, 30003, 1),
(60531, 50167, 30008, 1),
(60532, 50167, 30001, 1),
(60534, 50168, 30003, 1),
(60535, 50168, 30008, 1),
(60536, 50168, 30001, 1),
(60537, 50169, 30003, 1),
(60538, 50169, 30008, 1),
(60539, 50169, 30001, 1),
(60540, 50170, 30003, 1),
(60541, 50170, 30008, 1),
(60542, 50170, 30001, 1),
(60543, 50171, 30003, 1),
(60544, 50171, 30008, 1),
(60545, 50171, 30001, 1),
(60546, 50172, 30003, 1),
(60547, 50172, 30008, 1),
(60548, 50172, 30001, 1),
(60549, 50173, 30003, 1),
(60550, 50173, 30008, 1),
(60551, 50173, 30001, 1),
(60552, 50174, 30003, 1),
(60553, 50174, 30008, 1),
(60554, 50174, 30001, 1),
(60555, 50175, 30003, 1),
(60556, 50175, 30008, 1),
(60557, 50175, 30001, 1),
(60558, 50176, 30003, 1),
(60559, 50176, 30008, 1),
(60560, 50176, 30001, 1),
(60561, 50177, 30003, 1),
(60562, 50177, 30008, 1),
(60563, 50177, 30001, 1),
(60564, 50178, 30003, 1),
(60565, 50178, 30008, 1),
(60566, 50178, 30001, 1),
(60567, 50179, 30003, 1),
(60568, 50179, 30008, 1),
(60569, 50179, 30001, 1),
(60570, 50180, 30003, 1),
(60571, 50180, 30008, 1),
(60572, 50180, 30001, 1),
(60573, 50181, 30003, 1),
(60574, 50181, 30008, 1),
(60575, 50181, 30001, 1),
(60576, 50182, 30003, 1),
(60577, 50182, 30008, 1),
(60578, 50182, 30001, 1),
(60579, 50183, 30003, 1),
(60580, 50183, 30008, 1),
(60581, 50183, 30001, 1),
(60582, 50184, 30003, 1),
(60583, 50184, 30008, 1),
(60584, 50184, 30001, 1),
(60585, 50185, 30003, 1),
(60586, 50185, 30008, 1),
(60587, 50185, 30001, 1),
(60588, 50186, 30003, 1),
(60589, 50186, 30008, 1),
(60590, 50186, 30001, 1),
(60591, 50187, 30003, 1),
(60592, 50187, 30008, 1),
(60593, 50187, 30001, 1),
(60594, 50188, 30003, 1),
(60595, 50188, 30008, 1),
(60596, 50188, 30001, 1),
(60597, 50189, 30003, 1),
(60598, 50189, 30008, 1),
(60599, 50189, 30001, 1),
(60600, 50190, 30003, 1),
(60601, 50190, 30008, 1),
(60602, 50190, 30001, 1),
(60603, 50191, 30003, 1),
(60604, 50191, 30008, 1),
(60605, 50191, 30001, 1),
(60606, 50192, 30003, 1),
(60607, 50192, 30008, 1),
(60608, 50192, 30001, 1),
(60609, 50193, 30003, 1),
(60610, 50193, 30008, 1),
(60611, 50193, 30001, 1),
(60612, 50194, 30003, 1),
(60613, 50194, 30008, 1),
(60614, 50194, 30001, 1),
(60615, 50195, 30003, 1),
(60616, 50195, 30008, 1),
(60617, 50195, 30001, 1),
(60618, 50196, 30003, 1),
(60619, 50196, 30008, 1),
(60620, 50196, 30001, 1),
(60621, 50197, 30003, 1),
(60622, 50197, 30008, 1),
(60623, 50197, 30001, 1),
(60624, 50198, 30003, 1),
(60625, 50198, 30008, 1),
(60626, 50198, 30001, 1),
(60627, 50199, 30003, 1),
(60628, 50199, 30008, 1),
(60629, 50199, 30001, 1),
(60630, 50200, 30003, 1),
(60631, 50200, 30008, 1),
(60632, 50200, 30001, 1),
(60633, 50201, 30003, 1),
(60634, 50201, 30008, 1),
(60635, 50201, 30001, 1),
(60636, 50202, 30003, 1),
(60637, 50202, 30008, 1),
(60638, 50202, 30001, 1),
(60639, 50203, 30003, 1),
(60640, 50203, 30008, 1),
(60641, 50203, 30001, 1),
(60642, 50204, 30003, 1),
(60643, 50204, 30008, 1),
(60644, 50204, 30001, 1),
(60645, 50205, 30003, 1),
(60646, 50205, 30008, 1),
(60647, 50205, 30001, 1),
(60648, 50206, 30003, 1),
(60649, 50206, 30008, 1),
(60650, 50206, 30001, 1),
(60651, 50207, 30003, 1),
(60652, 50207, 30008, 1),
(60653, 50207, 30001, 1),
(60664, 50208, 30003, 1),
(60665, 50208, 30008, 1),
(60666, 50208, 30001, 1),
(60667, 50209, 30003, 1),
(60668, 50209, 30008, 1),
(60669, 50209, 30001, 1),
(60670, 50210, 30003, 1),
(60671, 50210, 30008, 1),
(60672, 50210, 30001, 1),
(60673, 50211, 30003, 1),
(60674, 50211, 30008, 1),
(60675, 50211, 30001, 1),
(60676, 50212, 30016, 1),
(60677, 50212, 30001, 1),
(60678, 50212, 30009, 3),
(60679, 50212, 30015, 1),
(60680, 50212, 30020, 2),
(60681, 50213, 30016, 1),
(60682, 50213, 30001, 1),
(60683, 50213, 30009, 3),
(60684, 50213, 30015, 1),
(60685, 50213, 30020, 2),
(60686, 50214, 30016, 1),
(60687, 50214, 30001, 1),
(60688, 50214, 30009, 3),
(60689, 50214, 30015, 1),
(60690, 50214, 30020, 2),
(60691, 50215, 30016, 1),
(60692, 50215, 30001, 1),
(60693, 50215, 30009, 3),
(60694, 50215, 30015, 1),
(60695, 50215, 30020, 2),
(60696, 50216, 30016, 1),
(60697, 50216, 30001, 1),
(60698, 50216, 30009, 3),
(60699, 50216, 30015, 1),
(60700, 50216, 30020, 2),
(60701, 50217, 30002, 1),
(60702, 50217, 30001, 1),
(60703, 50217, 30009, 3),
(60704, 50217, 30015, 1),
(60705, 50217, 30020, 2),
(60706, 50218, 30002, 1),
(60707, 50218, 30001, 1),
(60708, 50218, 30009, 3),
(60709, 50218, 30015, 1),
(60710, 50218, 30020, 2),
(60711, 50219, 30002, 1),
(60712, 50219, 30001, 1),
(60713, 50219, 30009, 3),
(60714, 50219, 30015, 1),
(60715, 50219, 30020, 2),
(60716, 50220, 30002, 1),
(60717, 50220, 30001, 1),
(60718, 50220, 30009, 3),
(60719, 50220, 30015, 1),
(60720, 50220, 30020, 2),
(60721, 50221, 30002, 1),
(60722, 50221, 30001, 1),
(60723, 50221, 30009, 3),
(60724, 50221, 30015, 1),
(60725, 50221, 30020, 2),
(60726, 50222, 30002, 1),
(60727, 50222, 30001, 1),
(60728, 50222, 30009, 3),
(60729, 50222, 30015, 1),
(60730, 50222, 30020, 2),
(60731, 50223, 30002, 1),
(60732, 50223, 30001, 1),
(60733, 50223, 30009, 3),
(60734, 50223, 30015, 1),
(60735, 50223, 30020, 2),
(60736, 50224, 30002, 1),
(60737, 50224, 30001, 1),
(60738, 50224, 30009, 3),
(60739, 50224, 30015, 1),
(60740, 50224, 30020, 2),
(60741, 50225, 30002, 1),
(60742, 50225, 30001, 1),
(60743, 50225, 30009, 3),
(60744, 50225, 30015, 1),
(60745, 50225, 30020, 2),
(60746, 50226, 30002, 1),
(60747, 50226, 30001, 1),
(60748, 50226, 30009, 3),
(60749, 50226, 30015, 1),
(60750, 50226, 30020, 2),
(60751, 50227, 30002, 1),
(60752, 50227, 30001, 1),
(60753, 50227, 30009, 3),
(60754, 50227, 30015, 1),
(60755, 50227, 30020, 2),
(60756, 50228, 30002, 1),
(60757, 50228, 30001, 1),
(60758, 50228, 30009, 3),
(60759, 50228, 30015, 1),
(60760, 50228, 30020, 2),
(60761, 50229, 30003, 1),
(60762, 50229, 30001, 1),
(60763, 50229, 30009, 3),
(60764, 50229, 30015, 1),
(60765, 50229, 30020, 2),
(60766, 50230, 30003, 1),
(60767, 50230, 30001, 1),
(60768, 50230, 30009, 3),
(60769, 50230, 30015, 1),
(60770, 50230, 30020, 2),
(60771, 50231, 30003, 1),
(60772, 50231, 30001, 1),
(60773, 50231, 30009, 3),
(60774, 50231, 30015, 1),
(60775, 50231, 30020, 2),
(60776, 50232, 30003, 1),
(60777, 50232, 30001, 1),
(60778, 50232, 30009, 3),
(60779, 50232, 30015, 1),
(60780, 50232, 30020, 2),
(60781, 50233, 30003, 1),
(60782, 50233, 30001, 1),
(60783, 50233, 30009, 3),
(60784, 50233, 30015, 1),
(60785, 50233, 30020, 2),
(60786, 50234, 30003, 1),
(60787, 50234, 30001, 1),
(60788, 50234, 30009, 3),
(60789, 50234, 30015, 1),
(60790, 50234, 30020, 2),
(60791, 50235, 30003, 1),
(60792, 50235, 30001, 1),
(60793, 50235, 30009, 3),
(60794, 50235, 30015, 1),
(60795, 50235, 30020, 2),
(60796, 50236, 30003, 1),
(60797, 50236, 30001, 1),
(60798, 50236, 30009, 3),
(60799, 50236, 30015, 1),
(60800, 50236, 30020, 2),
(60801, 50237, 30003, 1),
(60802, 50237, 30001, 1),
(60803, 50237, 30009, 3),
(60804, 50237, 30015, 1),
(60805, 50237, 30020, 2),
(60806, 50238, 30003, 1),
(60807, 50238, 30001, 1),
(60808, 50238, 30009, 3),
(60809, 50238, 30015, 1),
(60810, 50238, 30020, 2),
(60811, 50239, 30003, 1),
(60812, 50239, 30001, 1),
(60813, 50239, 30009, 3),
(60814, 50239, 30015, 1),
(60815, 50239, 30020, 2),
(60816, 50240, 30003, 1),
(60817, 50240, 30001, 1),
(60818, 50240, 30009, 3),
(60819, 50240, 30015, 1),
(60820, 50240, 30020, 2),
(60821, 50241, 30003, 1),
(60822, 50241, 30001, 1),
(60823, 50241, 30009, 3),
(60824, 50241, 30015, 1),
(60825, 50241, 30020, 2),
(60826, 50242, 30003, 1),
(60827, 50242, 30001, 1),
(60828, 50242, 30009, 3),
(60829, 50242, 30015, 1),
(60830, 50242, 30020, 2),
(60831, 50243, 30003, 1),
(60832, 50243, 30001, 1),
(60833, 50243, 30009, 3),
(60834, 50243, 30015, 1),
(60835, 50243, 30020, 2),
(60836, 50244, 30003, 1),
(60837, 50244, 30001, 1),
(60838, 50244, 30009, 3),
(60839, 50244, 30015, 1),
(60840, 50244, 30020, 2),
(60841, 50245, 30003, 1),
(60842, 50245, 30001, 1),
(60843, 50245, 30009, 3),
(60844, 50245, 30015, 1),
(60845, 50245, 30020, 2),
(60846, 50246, 30003, 1),
(60847, 50246, 30001, 1),
(60848, 50246, 30009, 3),
(60849, 50246, 30015, 1),
(60850, 50246, 30020, 2),
(60851, 50247, 30003, 1),
(60852, 50247, 30001, 1),
(60853, 50247, 30009, 3),
(60854, 50247, 30015, 1),
(60855, 50247, 30020, 2),
(60856, 50248, 30003, 1),
(60857, 50248, 30001, 1),
(60858, 50248, 30009, 3),
(60859, 50248, 30015, 1),
(60860, 50248, 30020, 2),
(60861, 50249, 30003, 1),
(60862, 50249, 30001, 1),
(60863, 50249, 30009, 3),
(60864, 50249, 30015, 1),
(60865, 50249, 30020, 2),
(60866, 50250, 30003, 1),
(60867, 50250, 30001, 1),
(60868, 50250, 30009, 3),
(60869, 50250, 30015, 1),
(60870, 50250, 30020, 2),
(60871, 50251, 30003, 1),
(60872, 50251, 30001, 1),
(60873, 50251, 30009, 3),
(60874, 50251, 30015, 1),
(60875, 50251, 30020, 2),
(60876, 50252, 30003, 1),
(60877, 50252, 30001, 1),
(60878, 50252, 30009, 3),
(60879, 50252, 30015, 1),
(60880, 50252, 30020, 2),
(60881, 50253, 30003, 1),
(60882, 50253, 30001, 1),
(60883, 50253, 30009, 3),
(60884, 50253, 30015, 1),
(60885, 50253, 30020, 2),
(60886, 50254, 30003, 1),
(60887, 50254, 30001, 1),
(60889, 50254, 30009, 3),
(60890, 50254, 30015, 1),
(60891, 50254, 30020, 2),
(60892, 50255, 30003, 1),
(60893, 50255, 30001, 1),
(60894, 50255, 30009, 3),
(60895, 50255, 30015, 1),
(60896, 50255, 30020, 2),
(60897, 50256, 30003, 1),
(60898, 50256, 30001, 1),
(60899, 50256, 30009, 3),
(60900, 50256, 30015, 1),
(60901, 50256, 30020, 2),
(60902, 50257, 30003, 1),
(60903, 50257, 30001, 1),
(60904, 50257, 30009, 3),
(60905, 50257, 30015, 1),
(60906, 50257, 30020, 2),
(60907, 50258, 30003, 1),
(60908, 50258, 30001, 1),
(60909, 50258, 30009, 3),
(60910, 50258, 30015, 1),
(60911, 50258, 30020, 2),
(60912, 50259, 30003, 1),
(60913, 50259, 30001, 1),
(60914, 50259, 30009, 3),
(60915, 50259, 30015, 1),
(60916, 50259, 30020, 2),
(60917, 50260, 30003, 1),
(60918, 50260, 30001, 1),
(60919, 50260, 30009, 3),
(60920, 50260, 30015, 1),
(60921, 50260, 30020, 2),
(60922, 50261, 30003, 1),
(60923, 50261, 30001, 1),
(60924, 50261, 30009, 3),
(60925, 50261, 30015, 1),
(60926, 50261, 30020, 2),
(60927, 50262, 30003, 1),
(60928, 50262, 30001, 1),
(60929, 50262, 30009, 3),
(60930, 50262, 30015, 1),
(60931, 50262, 30020, 2),
(60932, 50263, 30003, 1),
(60933, 50263, 30001, 1),
(60934, 50263, 30009, 3),
(60935, 50263, 30015, 1),
(60936, 50263, 30020, 2),
(60937, 50264, 30003, 1),
(60938, 50264, 30001, 1),
(60939, 50264, 30009, 3),
(60940, 50264, 30015, 1),
(60941, 50264, 30020, 2),
(60942, 50265, 30003, 1),
(60943, 50265, 30001, 1),
(60944, 50265, 30009, 3),
(60945, 50265, 30015, 1),
(60946, 50265, 30020, 2),
(60947, 50266, 30003, 1),
(60948, 50266, 30001, 1),
(60949, 50266, 30009, 3),
(60950, 50266, 30015, 1),
(60951, 50266, 30020, 2),
(60952, 50267, 30003, 1),
(60953, 50267, 30001, 1),
(60954, 50267, 30009, 3),
(60955, 50267, 30015, 1),
(60956, 50267, 30020, 2),
(60957, 50268, 30003, 1),
(60958, 50268, 30001, 1),
(60959, 50268, 30009, 3),
(60960, 50268, 30015, 1),
(60961, 50268, 30020, 2),
(60962, 50269, 30003, 1),
(60963, 50269, 30001, 1),
(60964, 50269, 30009, 3),
(60965, 50269, 30015, 1),
(60966, 50269, 30020, 2),
(60967, 50270, 30003, 1),
(60968, 50270, 30001, 1),
(60969, 50270, 30009, 3),
(60970, 50270, 30015, 1),
(60971, 50270, 30020, 2),
(60972, 50271, 30003, 1),
(60973, 50271, 30001, 1),
(60974, 50271, 30009, 3),
(60975, 50271, 30015, 1),
(60976, 50271, 30020, 2),
(60977, 50272, 30003, 1),
(60978, 50272, 30001, 1),
(60979, 50272, 30009, 3),
(60980, 50272, 30015, 1),
(60981, 50272, 30020, 2),
(60982, 50273, 30003, 1),
(60983, 50273, 30001, 1),
(60984, 50273, 30009, 3),
(60985, 50273, 30015, 1),
(60986, 50273, 30020, 2),
(60987, 50274, 30003, 1),
(60988, 50274, 30001, 1),
(60989, 50274, 30009, 3),
(60990, 50274, 30015, 1),
(60991, 50274, 30020, 2),
(60992, 50275, 30010, 1),
(60993, 50275, 30020, 2),
(60994, 50276, 30010, 1),
(60995, 50276, 30020, 2),
(60996, 50277, 30010, 1),
(60997, 50277, 30020, 2),
(60998, 50278, 30010, 1),
(60999, 50278, 30020, 2),
(61000, 50279, 30010, 1),
(61001, 50279, 30020, 2),
(61002, 50280, 30010, 1),
(61003, 50280, 30020, 2),
(61004, 50281, 30016, 1),
(61005, 50281, 30001, 1),
(61006, 50281, 30014, 1),
(61007, 50281, 30020, 2),
(61008, 50282, 30002, 1),
(61009, 50282, 30001, 1),
(61010, 50282, 30014, 1),
(61011, 50282, 30020, 2),
(61012, 50283, 30016, 1),
(61013, 50283, 30008, 2),
(61014, 50283, 30007, 2),
(61015, 50283, 30012, 1),
(61016, 50283, 30013, 1),
(61017, 50283, 30014, 1),
(61018, 50283, 30020, 4),
(61019, 50284, 30016, 1),
(61020, 50284, 30008, 2),
(61021, 50284, 30007, 2),
(61022, 50284, 30012, 1),
(61023, 50284, 30013, 1),
(61024, 50284, 30014, 1),
(61025, 50284, 30020, 4),
(61026, 50285, 30016, 1),
(61027, 50285, 30008, 2),
(61028, 50285, 30007, 2),
(61029, 50285, 30012, 1),
(61030, 50285, 30013, 1),
(61031, 50285, 30014, 1),
(61032, 50285, 30020, 4),
(61033, 50286, 30016, 1),
(61034, 50286, 30008, 2),
(61035, 50286, 30007, 2),
(61036, 50286, 30012, 1),
(61037, 50286, 30013, 1),
(61038, 50286, 30014, 1),
(61039, 50286, 30020, 4),
(61040, 50287, 30016, 1),
(61041, 50287, 30008, 2),
(61042, 50287, 30007, 2),
(61043, 50287, 30012, 1),
(61044, 50287, 30013, 1),
(61045, 50287, 30014, 1),
(61046, 50287, 30020, 4),
(61047, 50288, 30002, 1),
(61048, 50288, 30008, 2),
(61049, 50288, 30007, 2),
(61050, 50288, 30012, 1),
(61051, 50288, 30013, 1),
(61052, 50288, 30014, 1),
(61053, 50288, 30020, 4),
(61054, 50289, 30002, 1),
(61055, 50289, 30008, 2),
(61056, 50289, 30007, 2),
(61057, 50289, 30012, 1),
(61058, 50289, 30013, 1),
(61059, 50289, 30014, 1),
(61060, 50289, 30020, 4),
(61061, 50290, 30002, 1),
(61062, 50290, 30008, 2),
(61063, 50290, 30007, 2),
(61064, 50290, 30012, 1),
(61065, 50290, 30013, 1),
(61066, 50290, 30014, 1),
(61067, 50290, 30020, 4),
(61068, 50291, 30002, 1),
(61069, 50291, 30008, 2),
(61070, 50291, 30007, 2),
(61071, 50291, 30012, 1),
(61072, 50291, 30013, 1),
(61073, 50291, 30014, 1),
(61074, 50291, 30020, 4),
(61075, 50292, 30002, 1),
(61076, 50292, 30008, 2),
(61077, 50292, 30007, 2),
(61078, 50292, 30012, 1),
(61079, 50292, 30013, 1),
(61080, 50292, 30014, 1),
(61081, 50292, 30020, 4),
(61082, 50293, 30002, 1),
(61083, 50293, 30008, 2),
(61084, 50293, 30007, 2),
(61085, 50293, 30012, 1),
(61086, 50293, 30013, 1),
(61087, 50293, 30014, 1),
(61088, 50293, 30020, 4),
(61089, 50294, 30002, 1),
(61090, 50294, 30008, 2),
(61091, 50294, 30007, 2),
(61092, 50294, 30012, 1),
(61093, 50294, 30013, 1),
(61094, 50294, 30014, 1),
(61095, 50294, 30020, 4),
(61096, 50295, 30002, 1),
(61097, 50295, 30008, 2),
(61098, 50295, 30007, 2),
(61099, 50295, 30012, 1),
(61100, 50295, 30013, 1),
(61101, 50295, 30014, 1),
(61102, 50295, 30020, 4),
(61103, 50296, 30002, 1),
(61104, 50296, 30008, 2),
(61105, 50296, 30007, 2),
(61106, 50296, 30012, 1),
(61107, 50296, 30013, 1),
(61108, 50296, 30014, 1),
(61109, 50296, 30020, 4),
(61110, 50297, 30002, 1),
(61111, 50297, 30008, 2),
(61112, 50297, 30007, 2),
(61113, 50297, 30012, 1),
(61114, 50297, 30013, 1),
(61115, 50297, 30014, 1),
(61116, 50297, 30020, 4),
(61117, 50298, 30002, 1),
(61118, 50298, 30008, 2),
(61119, 50298, 30007, 2),
(61120, 50298, 30012, 1),
(61121, 50298, 30013, 1),
(61122, 50298, 30014, 1),
(61123, 50298, 30020, 4),
(61124, 50299, 30002, 1),
(61125, 50299, 30008, 2),
(61126, 50299, 30007, 2),
(61127, 50299, 30012, 1),
(61128, 50299, 30013, 1),
(61129, 50299, 30014, 1),
(61130, 50299, 30020, 4),
(61131, 50300, 30002, 1),
(61132, 50300, 30008, 2),
(61133, 50300, 30007, 2),
(61134, 50300, 30012, 1),
(61135, 50300, 30013, 1),
(61136, 50300, 30014, 1),
(61137, 50300, 30020, 4),
(61138, 50301, 30002, 1),
(61139, 50301, 30008, 2),
(61140, 50301, 30007, 2),
(61141, 50301, 30012, 1),
(61142, 50301, 30013, 1),
(61143, 50301, 30014, 1),
(61144, 50301, 30020, 4),
(61145, 50302, 30003, 1),
(61146, 50302, 30008, 2),
(61147, 50302, 30007, 2),
(61148, 50302, 30012, 1),
(61149, 50302, 30013, 1),
(61150, 50302, 30014, 1),
(61151, 50302, 30020, 4),
(61152, 50303, 30003, 1),
(61153, 50303, 30008, 2),
(61154, 50303, 30007, 2),
(61155, 50303, 30012, 1),
(61156, 50303, 30013, 1),
(61157, 50303, 30014, 1),
(61158, 50303, 30020, 4),
(61159, 50304, 30003, 1),
(61160, 50304, 30008, 2),
(61161, 50304, 30007, 2),
(61162, 50304, 30012, 1),
(61163, 50304, 30013, 1),
(61164, 50304, 30014, 1),
(61165, 50304, 30020, 4),
(61166, 50305, 30003, 1),
(61167, 50305, 30008, 2),
(61168, 50305, 30007, 2),
(61169, 50305, 30012, 1),
(61170, 50305, 30013, 1),
(61171, 50305, 30014, 1),
(61172, 50305, 30020, 4),
(61173, 50306, 30003, 1),
(61174, 50306, 30008, 2),
(61175, 50306, 30007, 2),
(61176, 50306, 30012, 1),
(61177, 50306, 30013, 1),
(61178, 50306, 30014, 1),
(61179, 50306, 30020, 4),
(61180, 50307, 30003, 1),
(61181, 50307, 30008, 2),
(61182, 50307, 30007, 2),
(61183, 50307, 30012, 1),
(61184, 50307, 30013, 1),
(61185, 50307, 30014, 1),
(61186, 50307, 30020, 4),
(61187, 50308, 30003, 1),
(61188, 50308, 30008, 2),
(61189, 50308, 30007, 2),
(61190, 50308, 30012, 1),
(61191, 50308, 30013, 1),
(61192, 50308, 30014, 1),
(61193, 50308, 30020, 4),
(61194, 50309, 30003, 1),
(61195, 50309, 30008, 2),
(61196, 50309, 30007, 2),
(61197, 50309, 30012, 1),
(61198, 50309, 30013, 1),
(61199, 50309, 30014, 1),
(61200, 50309, 30020, 4),
(61201, 50310, 30003, 1),
(61202, 50310, 30008, 2),
(61203, 50310, 30007, 2),
(61204, 50310, 30012, 1),
(61205, 50310, 30013, 1),
(61206, 50310, 30014, 1),
(61207, 50310, 30020, 4),
(61208, 50311, 30003, 1),
(61209, 50311, 30008, 2),
(61210, 50311, 30007, 2),
(61211, 50311, 30012, 1),
(61212, 50311, 30013, 1),
(61213, 50311, 30014, 1),
(61214, 50311, 30020, 4),
(61215, 50312, 30003, 1),
(61216, 50312, 30008, 2),
(61217, 50312, 30007, 2),
(61218, 50312, 30012, 1),
(61219, 50312, 30013, 1),
(61220, 50312, 30014, 1),
(61221, 50312, 30020, 4),
(61222, 50313, 30003, 1),
(61223, 50313, 30008, 2),
(61224, 50313, 30007, 2),
(61225, 50313, 30012, 1),
(61226, 50313, 30013, 1),
(61227, 50313, 30014, 1),
(61228, 50313, 30020, 4),
(61229, 50314, 30003, 1),
(61230, 50314, 30008, 2),
(61231, 50314, 30007, 2),
(61232, 50314, 30012, 1),
(61233, 50314, 30013, 1),
(61234, 50314, 30014, 1),
(61235, 50314, 30020, 4),
(61236, 50315, 30003, 1),
(61237, 50315, 30008, 2),
(61238, 50315, 30007, 2),
(61239, 50315, 30012, 1),
(61240, 50315, 30013, 1),
(61241, 50315, 30014, 1),
(61242, 50315, 30020, 4),
(61243, 50316, 30003, 1),
(61244, 50316, 30008, 2),
(61245, 50316, 30007, 2),
(61246, 50316, 30012, 1),
(61247, 50316, 30013, 1),
(61248, 50316, 30014, 1),
(61249, 50316, 30020, 4),
(61250, 50317, 30003, 1),
(61251, 50317, 30008, 2),
(61252, 50317, 30007, 2),
(61253, 50317, 30012, 1),
(61254, 50317, 30013, 1),
(61255, 50317, 30014, 1),
(61256, 50317, 30020, 4),
(61257, 50318, 30003, 1),
(61258, 50318, 30008, 2),
(61259, 50318, 30007, 2),
(61260, 50318, 30012, 1),
(61261, 50318, 30013, 1),
(61262, 50318, 30014, 1),
(61263, 50318, 30020, 4),
(61264, 50319, 30003, 1),
(61265, 50319, 30008, 2),
(61266, 50319, 30007, 2),
(61267, 50319, 30012, 1),
(61268, 50319, 30013, 1),
(61269, 50319, 30014, 1),
(61270, 50319, 30020, 4),
(61271, 50320, 30003, 1),
(61272, 50320, 30008, 2),
(61273, 50320, 30007, 2),
(61274, 50320, 30012, 1),
(61275, 50320, 30013, 1),
(61276, 50320, 30014, 1),
(61277, 50320, 30020, 4),
(61278, 50321, 30003, 1),
(61279, 50321, 30008, 2),
(61280, 50321, 30007, 2),
(61281, 50321, 30012, 1),
(61282, 50321, 30013, 1),
(61283, 50321, 30014, 1),
(61284, 50321, 30020, 4),
(61285, 50322, 30003, 1),
(61286, 50322, 30008, 2),
(61289, 50322, 30007, 2),
(61290, 50322, 30012, 1),
(61291, 50322, 30013, 1),
(61292, 50322, 30014, 1),
(61293, 50322, 30020, 4),
(61294, 50323, 30003, 1),
(61295, 50323, 30008, 2),
(61296, 50323, 30007, 2),
(61297, 50323, 30012, 1),
(61298, 50323, 30013, 1),
(61299, 50323, 30014, 1),
(61300, 50323, 30020, 4),
(61301, 50324, 30003, 1),
(61302, 50324, 30008, 2),
(61303, 50324, 30007, 2),
(61304, 50324, 30012, 1),
(61305, 50324, 30013, 1),
(61306, 50324, 30014, 1),
(61307, 50324, 30020, 4),
(61308, 50325, 30003, 1),
(61309, 50325, 30008, 2),
(61310, 50325, 30007, 2),
(61311, 50325, 30012, 1),
(61312, 50325, 30013, 1),
(61313, 50325, 30014, 1),
(61314, 50325, 30020, 4),
(61315, 50326, 30003, 1),
(61316, 50326, 30008, 2),
(61317, 50326, 30007, 2),
(61318, 50326, 30012, 1),
(61319, 50326, 30013, 1),
(61320, 50326, 30014, 1),
(61321, 50326, 30020, 4),
(61322, 50327, 30003, 1),
(61323, 50327, 30008, 2),
(61324, 50327, 30007, 2),
(61325, 50327, 30012, 1),
(61326, 50327, 30013, 1),
(61327, 50327, 30014, 1),
(61328, 50327, 30020, 4),
(61329, 50328, 30003, 1),
(61330, 50328, 30008, 2),
(61331, 50328, 30007, 2),
(61332, 50328, 30012, 1),
(61333, 50328, 30013, 1),
(61334, 50328, 30014, 1),
(61335, 50328, 30020, 4),
(61336, 50329, 30003, 1),
(61337, 50329, 30008, 2),
(61338, 50329, 30007, 2),
(61339, 50329, 30012, 1),
(61340, 50329, 30013, 1),
(61341, 50329, 30014, 1),
(61342, 50329, 30020, 4),
(61343, 50330, 30003, 1),
(61344, 50330, 30008, 2),
(61345, 50330, 30007, 2),
(61346, 50330, 30012, 1),
(61347, 50330, 30013, 1),
(61348, 50330, 30014, 1),
(61349, 50330, 30020, 4),
(61350, 50331, 30003, 1),
(61351, 50331, 30008, 2),
(61352, 50331, 30007, 2),
(61353, 50331, 30012, 1),
(61354, 50331, 30013, 1),
(61355, 50331, 30014, 1),
(61356, 50331, 30020, 4),
(61357, 50332, 30003, 1),
(61358, 50332, 30008, 2),
(61359, 50332, 30007, 2),
(61360, 50332, 30012, 1),
(61361, 50332, 30013, 1),
(61362, 50332, 30014, 1),
(61363, 50332, 30020, 4),
(61364, 50333, 30003, 1),
(61365, 50333, 30008, 2),
(61366, 50333, 30007, 2),
(61367, 50333, 30012, 1),
(61368, 50333, 30013, 1),
(61369, 50333, 30014, 1),
(61370, 50333, 30020, 4),
(61371, 50334, 30003, 1),
(61372, 50334, 30008, 2),
(61373, 50334, 30007, 2),
(61374, 50334, 30012, 1),
(61375, 50334, 30013, 1),
(61376, 50334, 30014, 1),
(61377, 50334, 30020, 4),
(61378, 50335, 30003, 1),
(61379, 50335, 30008, 2),
(61380, 50335, 30007, 2),
(61381, 50335, 30012, 1),
(61382, 50335, 30013, 1),
(61383, 50335, 30014, 1),
(61384, 50335, 30020, 4),
(61385, 50336, 30003, 1),
(61386, 50336, 30008, 2),
(61387, 50336, 30007, 2),
(61388, 50336, 30012, 1),
(61389, 50336, 30013, 1),
(61390, 50336, 30014, 1),
(61391, 50336, 30020, 4),
(61392, 50337, 30003, 1),
(61393, 50337, 30008, 2),
(61394, 50337, 30007, 2),
(61395, 50337, 30012, 1),
(61396, 50337, 30013, 1),
(61397, 50337, 30014, 1),
(61398, 50337, 30020, 4),
(61399, 50338, 30003, 1),
(61400, 50338, 30008, 2),
(61401, 50338, 30007, 2),
(61402, 50338, 30012, 1),
(61403, 50338, 30013, 1),
(61404, 50338, 30014, 1),
(61405, 50338, 30020, 4),
(61406, 50339, 30003, 1),
(61407, 50339, 30008, 2),
(61408, 50339, 30007, 2),
(61409, 50339, 30012, 1),
(61410, 50339, 30013, 1),
(61411, 50339, 30014, 1),
(61412, 50339, 30020, 4),
(61413, 50341, 30003, 1),
(61414, 50341, 30008, 2),
(61415, 50341, 30007, 2),
(61416, 50341, 30012, 1),
(61417, 50341, 30013, 1),
(61418, 50341, 30014, 1),
(61419, 50341, 30020, 4),
(61420, 50341, 30003, 1),
(61421, 50341, 30008, 2),
(61422, 50341, 30007, 2),
(61423, 50341, 30012, 1),
(61424, 50341, 30013, 1),
(61425, 50341, 30014, 1),
(61426, 50341, 30020, 4),
(61427, 50342, 30003, 1),
(61428, 50342, 30008, 2),
(61429, 50342, 30007, 2),
(61430, 50342, 30012, 1),
(61431, 50342, 30013, 1),
(61432, 50342, 30014, 1),
(61433, 50342, 30020, 4),
(61434, 50343, 30003, 1),
(61435, 50343, 30008, 2),
(61436, 50343, 30007, 2),
(61437, 50343, 30012, 1),
(61438, 50343, 30013, 1),
(61439, 50343, 30014, 1),
(61440, 50343, 30020, 4),
(61441, 50344, 30003, 1),
(61442, 50344, 30008, 2),
(61443, 50344, 30007, 2),
(61444, 50344, 30012, 1),
(61445, 50344, 30013, 1),
(61446, 50344, 30014, 1),
(61447, 50344, 30020, 4),
(61448, 50345, 30003, 1),
(61449, 50345, 30008, 2),
(61450, 50345, 30007, 2),
(61451, 50345, 30012, 1),
(61452, 50345, 30013, 1),
(61453, 50345, 30014, 1),
(61454, 50345, 30020, 4),
(61455, 50346, 30003, 1),
(61456, 50346, 30008, 2),
(61457, 50346, 30007, 2),
(61458, 50346, 30012, 1),
(61459, 50346, 30013, 1),
(61460, 50346, 30014, 1),
(61461, 50346, 30020, 4),
(61462, 50347, 30003, 1),
(61463, 50347, 30008, 2),
(61464, 50347, 30007, 2),
(61465, 50347, 30012, 1),
(61466, 50347, 30013, 1),
(61467, 50347, 30014, 1),
(61468, 50347, 30020, 4);

-- --------------------------------------------------------

--
-- Table structure for table `customer`
--

CREATE TABLE `customer` (
  `customer_id` int(100) NOT NULL,
  `company_name` varchar(100) NOT NULL,
  `email` varchar(100) NOT NULL,
  `contact_no` varchar(100) NOT NULL
) ENGINE=InnoDB DEFAULT CHARSET=utf8mb4;

--
-- Dumping data for table `customer`
--

INSERT INTO `customer` (`customer_id`, `company_name`, `email`, `contact_no`) VALUES
(10001, 'Company A', 'acompany@gmail.com', '09245553498'),
(10002, 'Company B', 'bcompany@gmail.com', '09347645836'),
(10003, 'Company C', 'ccompany@gmail.com', '09367846234'),
(10004, 'Company D', 'dcompany@gmail.com', '09256745670'),
(10005, 'Company E', 'ecompany@gmail.com', '09764587435'),
(10006, 'Company F', 'fcompany@gmail.com', '09764587231'),
(10007, 'Company G', 'gcompany@gmail.com', '09875634868'),
(10008, 'Company H', 'hcompany@gmail.com', '09652143875'),
(10009, 'Company I', 'icompany@gmail.com', '09653487456'),
(10010, 'Company J', 'jcompany@gmail.com', '09873412765');

-- --------------------------------------------------------

--
-- Table structure for table `make`
--

CREATE TABLE `make` (
  `production_id` int(100) NOT NULL,
  `product_id` int(100) NOT NULL,
  `quantity` int(100) NOT NULL,
  `assembly_startdate` timestamp NOT NULL DEFAULT current_timestamp() ON UPDATE current_timestamp(),
  `production_deadline` datetime NOT NULL,
  `status` varchar(100) NOT NULL
) ENGINE=InnoDB DEFAULT CHARSET=utf8mb4;

--
-- Dumping data for table `make`
--

INSERT INTO `make` (`production_id`, `product_id`, `quantity`, `assembly_startdate`, `production_deadline`, `status`) VALUES
(50001, 40001, 0, '2023-01-14 04:37:07', '2023-01-14 12:37:07', 'incomplete'),
(50002, 40002, 0, '0000-00-00 00:00:00', '2023-01-13 05:14:11', 'incomplete'),
(50003, 40003, 0, '0000-00-00 00:00:00', '2022-12-14 00:00:00', 'incomplete'),
(50004, 40004, 0, '0000-00-00 00:00:00', '2022-12-14 11:59:49', 'incomplete'),
(50005, 40005, 0, '0000-00-00 00:00:00', '2023-01-13 19:16:07', 'incomplete'),
(50006, 40006, 0, '0000-00-00 00:00:00', '2023-01-25 00:00:00', 'incomplete'),
(50007, 40007, 0, '2023-01-14 04:33:17', '2023-01-15 00:00:00', 'incomplete'),
(50008, 40008, 0, '0000-00-00 00:00:00', '2022-12-13 00:00:00', 'incomplete'),
(50009, 40009, 0, '0000-00-00 00:00:00', '2023-01-13 19:20:39', 'incomplete'),
(50010, 40010, 0, '0000-00-00 00:00:00', '2022-12-13 19:12:28', 'incomplete'),
(50011, 40011, 0, '0000-00-00 00:00:00', '2022-12-13 00:00:00', 'incomplete'),
(50012, 40012, 0, '0000-00-00 00:00:00', '2022-12-13 19:40:48', 'incomplete'),
(50014, 40014, 0, '0000-00-00 00:00:00', '2022-12-13 00:00:00', 'incomplete'),
(50015, 40015, 0, '0000-00-00 00:00:00', '2022-12-14 11:59:49', 'incomplete'),
(50016, 40016, 0, '0000-00-00 00:00:00', '2022-12-14 00:00:00', 'incomplete'),
(50017, 40017, 0, '0000-00-00 00:00:00', '2022-12-14 11:59:49', 'incomplete'),
(50018, 40018, 0, '0000-00-00 00:00:00', '2022-12-14 11:59:49', 'incomplete'),
(50019, 40019, 0, '0000-00-00 00:00:00', '2022-12-14 11:59:49', 'incomplete'),
(50020, 40020, 0, '0000-00-00 00:00:00', '2022-12-14 11:59:49', 'incomplete'),
(50021, 40021, 0, '0000-00-00 00:00:00', '2022-12-14 11:59:49', 'incomplete'),
(50022, 40022, 0, '0000-00-00 00:00:00', '2022-12-14 11:59:49', 'incomplete'),
(50023, 40023, 0, '0000-00-00 00:00:00', '2022-12-14 11:59:49', 'incomplete'),
(50024, 40024, 0, '0000-00-00 00:00:00', '2022-12-14 00:00:00', 'incomplete'),
(50025, 40025, 0, '0000-00-00 00:00:00', '2022-12-14 11:59:49', 'incomplete'),
(50026, 40026, 0, '0000-00-00 00:00:00', '2022-12-14 11:59:49', 'incomplete'),
(50027, 40027, 0, '0000-00-00 00:00:00', '2022-12-14 11:59:49', 'incomplete'),
(50028, 40028, 0, '0000-00-00 00:00:00', '2022-12-14 11:59:49', 'incomplete'),
(50029, 40029, 0, '0000-00-00 00:00:00', '2022-12-14 11:59:49', 'incomplete'),
(50030, 40030, 0, '0000-00-00 00:00:00', '2022-12-14 11:59:49', 'incomplete'),
(50031, 40031, 0, '0000-00-00 00:00:00', '2022-12-14 11:59:49', 'incomplete'),
(50032, 40032, 0, '0000-00-00 00:00:00', '2022-12-14 11:59:49', 'incomplete'),
(50033, 40033, 0, '0000-00-00 00:00:00', '2022-12-14 11:59:49', 'incomplete'),
(50034, 40034, 0, '0000-00-00 00:00:00', '2022-12-14 11:59:49', 'incomplete'),
(50035, 40035, 0, '0000-00-00 00:00:00', '2022-12-14 11:59:49', 'incomplete'),
(50036, 40036, 0, '0000-00-00 00:00:00', '2022-12-14 11:59:49', 'incomplete'),
(50037, 40037, 0, '0000-00-00 00:00:00', '2022-12-14 11:59:49', 'incomplete'),
(50038, 40038, 0, '0000-00-00 00:00:00', '2022-12-14 11:59:49', 'incomplete'),
(50039, 40039, 0, '0000-00-00 00:00:00', '2022-12-14 11:59:49', 'incomplete'),
(50040, 40040, 0, '0000-00-00 00:00:00', '2022-12-14 11:59:49', 'incomplete'),
(50041, 40041, 0, '0000-00-00 00:00:00', '2022-12-14 11:59:49', 'incomplete'),
(50042, 40042, 0, '0000-00-00 00:00:00', '2022-12-14 11:59:49', 'incomplete'),
(50043, 40043, 0, '0000-00-00 00:00:00', '2022-12-14 11:59:49', 'incomplete'),
(50044, 40044, 0, '0000-00-00 00:00:00', '2022-12-14 11:59:49', 'incomplete'),
(50045, 40045, 0, '0000-00-00 00:00:00', '2022-12-14 11:59:49', 'incomplete'),
(50046, 40046, 0, '0000-00-00 00:00:00', '2022-12-14 11:59:49', 'incomplete'),
(50047, 40047, 0, '0000-00-00 00:00:00', '2022-12-14 11:59:49', 'incomplete'),
(50048, 40048, 0, '0000-00-00 00:00:00', '2022-12-14 11:59:49', 'incomplete'),
(50049, 40049, 0, '0000-00-00 00:00:00', '2022-12-14 11:59:49', 'incomplete'),
(50050, 40050, 0, '0000-00-00 00:00:00', '2022-12-14 11:59:49', 'incomplete'),
(50051, 40051, 0, '0000-00-00 00:00:00', '2022-12-14 11:59:49', 'incomplete'),
(50052, 40052, 0, '0000-00-00 00:00:00', '2022-12-14 11:59:49', 'incomplete'),
(50053, 40053, 0, '0000-00-00 00:00:00', '2022-12-14 11:59:49', 'incomplete'),
(50054, 40054, 0, '0000-00-00 00:00:00', '2022-12-14 11:59:49', 'incomplete'),
(50055, 40055, 0, '0000-00-00 00:00:00', '2022-12-14 11:59:49', 'incomplete'),
(50056, 40056, 0, '0000-00-00 00:00:00', '2022-12-14 11:59:49', 'incomplete'),
(50057, 40057, 0, '0000-00-00 00:00:00', '2022-12-14 11:59:49', 'incomplete'),
(50058, 40058, 0, '0000-00-00 00:00:00', '2022-12-14 11:59:49', 'incomplete'),
(50059, 40059, 0, '0000-00-00 00:00:00', '2022-12-14 11:59:49', 'incomplete'),
(50060, 40060, 0, '0000-00-00 00:00:00', '2022-12-14 11:59:49', 'incomplete'),
(50061, 40061, 0, '0000-00-00 00:00:00', '2022-12-14 11:59:49', 'incomplete'),
(50062, 40062, 0, '0000-00-00 00:00:00', '2022-12-14 11:59:49', 'incomplete'),
(50063, 40063, 0, '0000-00-00 00:00:00', '2022-12-14 11:59:49', 'incomplete'),
(50064, 40064, 0, '0000-00-00 00:00:00', '2022-12-14 11:59:49', 'incomplete'),
(50065, 40065, 0, '0000-00-00 00:00:00', '2022-12-14 11:59:49', 'incomplete'),
(50066, 40066, 0, '0000-00-00 00:00:00', '2022-12-14 11:59:49', 'incomplete'),
(50067, 40067, 0, '0000-00-00 00:00:00', '2022-12-14 11:59:49', 'incomplete'),
(50068, 40068, 0, '0000-00-00 00:00:00', '2022-12-14 00:00:00', 'incomplete'),
(50069, 40069, 0, '0000-00-00 00:00:00', '2022-12-14 11:59:49', 'incomplete'),
(50070, 40070, 0, '0000-00-00 00:00:00', '2022-12-14 11:59:49', 'incomplete'),
(50071, 40071, 0, '0000-00-00 00:00:00', '2023-01-12 00:00:00', 'incomplete'),
(50072, 40072, 0, '0000-00-00 00:00:00', '2022-12-14 11:59:49', 'incomplete'),
(50073, 40073, 0, '0000-00-00 00:00:00', '2022-12-14 11:59:49', 'incomplete'),
(50074, 40074, 0, '0000-00-00 00:00:00', '2022-12-14 11:59:49', 'incomplete'),
(50075, 40075, 0, '0000-00-00 00:00:00', '2022-12-14 11:59:49', 'incomplete'),
(50076, 40076, 0, '0000-00-00 00:00:00', '2022-12-14 11:59:49', 'incomplete'),
(50077, 40077, 0, '0000-00-00 00:00:00', '2022-12-14 11:59:49', 'incomplete'),
(50078, 40078, 0, '0000-00-00 00:00:00', '2022-12-14 11:59:49', 'incomplete'),
(50079, 40079, 0, '0000-00-00 00:00:00', '2022-12-14 11:59:49', 'incomplete'),
(50080, 40080, 0, '0000-00-00 00:00:00', '2022-12-14 11:59:49', 'incomplete'),
(50081, 40081, 0, '0000-00-00 00:00:00', '2022-12-14 11:59:49', 'incomplete'),
(50082, 40082, 0, '0000-00-00 00:00:00', '2022-12-14 11:59:49', 'incomplete'),
(50083, 40083, 0, '0000-00-00 00:00:00', '2022-12-14 11:59:49', 'incomplete'),
(50084, 40084, 0, '0000-00-00 00:00:00', '2022-12-14 11:59:49', 'incomplete'),
(50085, 40085, 0, '0000-00-00 00:00:00', '2022-12-14 11:59:49', 'incomplete'),
(50086, 40086, 0, '0000-00-00 00:00:00', '2022-12-14 11:59:49', 'incomplete'),
(50087, 40087, 0, '0000-00-00 00:00:00', '2022-12-14 11:59:49', 'incomplete'),
(50088, 40088, 0, '0000-00-00 00:00:00', '2022-12-14 00:00:00', 'incomplete'),
(50089, 40089, 0, '0000-00-00 00:00:00', '2022-12-14 11:59:49', 'incomplete'),
(50090, 40090, 0, '0000-00-00 00:00:00', '2022-12-14 11:59:49', 'incomplete'),
(50091, 40091, 0, '0000-00-00 00:00:00', '2022-12-14 11:59:49', 'incomplete'),
(50092, 40092, 0, '0000-00-00 00:00:00', '2022-12-14 11:59:49', 'incomplete'),
(50093, 40093, 0, '0000-00-00 00:00:00', '2022-12-14 11:59:49', 'incomplete'),
(50094, 40094, 0, '0000-00-00 00:00:00', '2022-12-14 11:59:49', 'incomplete'),
(50095, 40095, 0, '0000-00-00 00:00:00', '2022-12-14 11:59:49', 'incomplete'),
(50096, 40096, 0, '0000-00-00 00:00:00', '2022-12-14 11:59:49', 'incomplete'),
(50097, 40097, 0, '0000-00-00 00:00:00', '2022-12-14 11:59:49', 'incomplete'),
(50098, 40098, 0, '0000-00-00 00:00:00', '2022-12-14 11:59:49', 'incomplete'),
(50099, 40099, 0, '0000-00-00 00:00:00', '2022-12-14 11:59:49', 'incomplete'),
(50100, 40100, 0, '0000-00-00 00:00:00', '2022-12-14 11:59:49', 'incomplete'),
(50101, 40101, 0, '0000-00-00 00:00:00', '2022-12-14 11:59:49', 'incomplete'),
(50102, 40102, 0, '0000-00-00 00:00:00', '2022-12-14 11:59:49', 'incomplete'),
(50103, 40103, 0, '0000-00-00 00:00:00', '2022-12-14 11:59:49', 'incomplete'),
(50104, 40104, 0, '0000-00-00 00:00:00', '2022-12-14 11:59:49', 'incomplete'),
(50105, 40105, 0, '0000-00-00 00:00:00', '2022-12-14 11:59:49', 'incomplete'),
(50106, 40106, 0, '0000-00-00 00:00:00', '2022-12-14 11:59:49', 'incomplete'),
(50107, 40107, 0, '0000-00-00 00:00:00', '2022-12-14 11:59:49', 'incomplete'),
(50108, 40108, 0, '0000-00-00 00:00:00', '2022-12-14 11:59:49', 'incomplete'),
(50109, 40109, 0, '0000-00-00 00:00:00', '2022-12-14 11:59:49', 'incomplete'),
(50110, 40110, 0, '0000-00-00 00:00:00', '2022-12-14 11:59:49', 'incomplete'),
(50111, 40111, 0, '0000-00-00 00:00:00', '2022-12-14 11:59:49', 'incomplete'),
(50112, 40112, 0, '0000-00-00 00:00:00', '2022-12-14 11:59:49', 'incomplete'),
(50113, 40113, 0, '0000-00-00 00:00:00', '2022-12-14 11:59:49', 'incomplete'),
(50114, 40114, 0, '0000-00-00 00:00:00', '2022-12-14 11:59:49', 'incomplete'),
(50115, 40115, 0, '0000-00-00 00:00:00', '2022-12-14 11:59:49', 'incomplete'),
(50116, 40116, 0, '0000-00-00 00:00:00', '2022-12-14 11:59:49', 'incomplete'),
(50117, 40117, 0, '0000-00-00 00:00:00', '2022-12-14 11:59:49', 'incomplete'),
(50118, 40118, 0, '0000-00-00 00:00:00', '2022-12-14 11:59:49', 'incomplete'),
(50119, 40119, 0, '0000-00-00 00:00:00', '2022-12-14 11:59:49', 'incomplete'),
(50120, 40120, 0, '0000-00-00 00:00:00', '2022-12-14 11:59:49', 'incomplete'),
(50121, 40121, 0, '0000-00-00 00:00:00', '2022-12-14 11:59:49', 'incomplete'),
(50122, 40122, 0, '0000-00-00 00:00:00', '2022-12-15 00:00:00', 'incomplete'),
(50123, 40123, 0, '0000-00-00 00:00:00', '2022-12-14 11:59:49', 'incomplete'),
(50124, 40124, 0, '0000-00-00 00:00:00', '2022-12-14 11:59:49', 'incomplete'),
(50125, 40125, 0, '0000-00-00 00:00:00', '2022-12-14 11:59:49', 'incomplete'),
(50126, 40126, 0, '0000-00-00 00:00:00', '2022-12-14 11:59:49', 'incomplete'),
(50127, 40127, 0, '0000-00-00 00:00:00', '2022-12-14 11:59:49', 'incomplete'),
(50128, 40128, 0, '0000-00-00 00:00:00', '2022-12-14 11:59:49', 'incomplete'),
(50129, 40129, 0, '0000-00-00 00:00:00', '2022-12-14 11:59:49', 'incomplete'),
(50130, 40130, 0, '0000-00-00 00:00:00', '2022-12-14 00:00:00', 'incomplete'),
(50131, 40131, 0, '0000-00-00 00:00:00', '2022-12-14 11:59:49', 'incomplete'),
(50132, 40132, 0, '0000-00-00 00:00:00', '2022-12-14 11:59:49', 'incomplete'),
(50133, 40133, 0, '0000-00-00 00:00:00', '2022-12-14 11:59:49', 'incomplete'),
(50134, 40134, 0, '0000-00-00 00:00:00', '2022-12-14 11:59:49', 'incomplete'),
(50135, 40135, 0, '0000-00-00 00:00:00', '2022-12-14 11:59:49', 'incomplete'),
(50136, 40136, 0, '0000-00-00 00:00:00', '2022-12-14 11:59:49', 'incomplete'),
(50137, 40137, 0, '0000-00-00 00:00:00', '2022-12-14 11:59:49', 'incomplete'),
(50138, 40138, 0, '0000-00-00 00:00:00', '2022-12-14 11:59:49', 'incomplete'),
(50139, 40139, 0, '0000-00-00 00:00:00', '2022-12-14 11:59:49', 'incomplete'),
(50140, 40140, 0, '0000-00-00 00:00:00', '2022-12-14 11:59:49', 'incomplete'),
(50141, 40141, 0, '0000-00-00 00:00:00', '2022-12-14 11:59:49', 'incomplete'),
(50142, 40142, 0, '0000-00-00 00:00:00', '2022-12-14 11:59:49', 'incomplete'),
(50143, 40143, 0, '0000-00-00 00:00:00', '2022-12-14 11:59:49', 'incomplete'),
(50144, 40144, 0, '0000-00-00 00:00:00', '2022-12-14 11:59:49', 'incomplete'),
(50145, 40145, 0, '0000-00-00 00:00:00', '2022-12-14 11:59:49', 'incomplete'),
(50146, 40146, 0, '0000-00-00 00:00:00', '2022-12-14 11:59:49', 'incomplete'),
(50147, 40147, 0, '0000-00-00 00:00:00', '2022-12-14 11:59:49', 'incomplete'),
(50148, 40148, 0, '0000-00-00 00:00:00', '2022-12-14 11:59:49', 'incomplete'),
(50149, 40149, 0, '0000-00-00 00:00:00', '2022-12-14 11:59:49', 'incomplete'),
(50150, 40150, 0, '0000-00-00 00:00:00', '2022-12-14 00:00:00', 'incomplete'),
(50151, 40151, 0, '0000-00-00 00:00:00', '2022-12-14 11:59:49', 'incomplete'),
(50152, 40152, 0, '0000-00-00 00:00:00', '2022-12-14 11:59:49', 'incomplete'),
(50153, 40153, 0, '0000-00-00 00:00:00', '2022-12-14 11:59:49', 'incomplete'),
(50154, 40154, 0, '0000-00-00 00:00:00', '2022-12-14 11:59:49', 'incomplete'),
(50155, 40155, 0, '0000-00-00 00:00:00', '2022-12-14 11:59:49', 'incomplete'),
(50156, 40156, 0, '0000-00-00 00:00:00', '2022-12-14 11:59:49', 'incomplete'),
(50157, 40157, 0, '0000-00-00 00:00:00', '2022-12-14 11:59:49', 'incomplete'),
(50158, 40158, 0, '0000-00-00 00:00:00', '2022-12-14 11:59:49', 'incomplete'),
(50159, 40159, 0, '0000-00-00 00:00:00', '2022-12-14 11:59:49', 'incomplete'),
(50160, 40160, 0, '0000-00-00 00:00:00', '2022-12-14 11:59:49', 'incomplete'),
(50161, 40161, 0, '0000-00-00 00:00:00', '2022-12-14 11:59:49', 'incomplete'),
(50162, 40162, 0, '0000-00-00 00:00:00', '2022-12-14 11:59:49', 'incomplete'),
(50163, 40163, 0, '0000-00-00 00:00:00', '2022-12-14 11:59:49', 'incomplete'),
(50164, 40164, 0, '0000-00-00 00:00:00', '2022-12-14 11:59:49', 'incomplete'),
(50165, 40165, 0, '0000-00-00 00:00:00', '2022-12-14 11:59:49', 'incomplete'),
(50166, 40166, 0, '0000-00-00 00:00:00', '2022-12-14 11:59:49', 'incomplete'),
(50167, 40167, 0, '0000-00-00 00:00:00', '2022-12-14 11:59:49', 'incomplete'),
(50168, 40168, 0, '0000-00-00 00:00:00', '2022-12-14 11:59:49', 'incomplete'),
(50169, 40169, 0, '0000-00-00 00:00:00', '2022-12-14 11:59:49', 'incomplete'),
(50170, 40170, 0, '0000-00-00 00:00:00', '2022-12-14 11:59:49', 'incomplete'),
(50171, 40171, 0, '0000-00-00 00:00:00', '2022-12-14 11:59:49', 'incomplete'),
(50172, 40172, 0, '0000-00-00 00:00:00', '2022-12-14 11:59:49', 'incomplete'),
(50173, 40173, 0, '0000-00-00 00:00:00', '2022-12-14 11:59:49', 'incomplete'),
(50174, 40174, 0, '0000-00-00 00:00:00', '2022-12-14 11:59:49', 'incomplete'),
(50175, 40175, 0, '0000-00-00 00:00:00', '2022-12-14 11:59:49', 'incomplete'),
(50176, 40176, 0, '0000-00-00 00:00:00', '2022-12-14 11:59:49', 'incomplete'),
(50177, 40177, 0, '0000-00-00 00:00:00', '2022-12-14 11:59:49', 'incomplete'),
(50178, 40178, 0, '0000-00-00 00:00:00', '2022-12-14 11:59:49', 'incomplete'),
(50179, 40179, 0, '0000-00-00 00:00:00', '2022-12-14 11:59:49', 'incomplete'),
(50180, 40180, 0, '0000-00-00 00:00:00', '2022-12-14 11:59:49', 'incomplete'),
(50181, 40181, 0, '0000-00-00 00:00:00', '2022-12-14 11:59:49', 'incomplete'),
(50182, 40182, 0, '0000-00-00 00:00:00', '2022-12-14 11:59:49', 'incomplete'),
(50183, 40183, 0, '0000-00-00 00:00:00', '2022-12-14 11:59:49', 'incomplete'),
(50184, 40184, 0, '0000-00-00 00:00:00', '2022-12-14 11:59:49', 'incomplete'),
(50185, 40185, 0, '0000-00-00 00:00:00', '2022-12-14 11:59:49', 'incomplete'),
(50186, 40186, 0, '0000-00-00 00:00:00', '2022-12-14 11:59:49', 'incomplete'),
(50187, 40187, 0, '0000-00-00 00:00:00', '2022-12-14 11:59:49', 'incomplete'),
(50188, 40188, 0, '0000-00-00 00:00:00', '2022-12-14 11:59:49', 'incomplete'),
(50189, 40189, 0, '0000-00-00 00:00:00', '2022-12-14 11:59:49', 'incomplete'),
(50190, 40190, 0, '0000-00-00 00:00:00', '2022-12-14 11:59:49', 'incomplete'),
(50191, 40191, 0, '0000-00-00 00:00:00', '2022-12-14 11:59:49', 'incomplete'),
(50192, 40192, 0, '0000-00-00 00:00:00', '2022-12-14 11:59:49', 'incomplete'),
(50193, 40193, 0, '0000-00-00 00:00:00', '2022-12-14 11:59:49', 'incomplete'),
(50194, 40194, 0, '0000-00-00 00:00:00', '2022-12-14 11:59:49', 'incomplete'),
(50195, 40195, 0, '0000-00-00 00:00:00', '2022-12-14 11:59:49', 'incomplete'),
(50196, 40196, 0, '0000-00-00 00:00:00', '2022-12-14 11:59:49', 'incomplete'),
(50197, 40197, 0, '0000-00-00 00:00:00', '2022-12-14 11:59:49', 'incomplete'),
(50198, 40198, 0, '0000-00-00 00:00:00', '2022-12-14 11:59:49', 'incomplete'),
(50199, 40199, 0, '0000-00-00 00:00:00', '2022-12-14 11:59:49', 'incomplete'),
(50200, 40200, 0, '0000-00-00 00:00:00', '2022-12-14 11:59:49', 'incomplete'),
(50201, 40201, 0, '0000-00-00 00:00:00', '2022-12-14 11:59:49', 'incomplete'),
(50202, 40202, 0, '0000-00-00 00:00:00', '2022-12-14 11:59:49', 'incomplete'),
(50203, 40202, 0, '0000-00-00 00:00:00', '2022-12-14 11:59:49', 'incomplete'),
(50204, 40202, 0, '0000-00-00 00:00:00', '2022-12-14 11:59:49', 'incomplete'),
(50205, 40202, 0, '0000-00-00 00:00:00', '2022-12-14 11:59:49', 'incomplete'),
(50206, 40202, 0, '0000-00-00 00:00:00', '2022-12-14 11:59:49', 'incomplete'),
(50207, 40202, 0, '0000-00-00 00:00:00', '2022-12-14 11:59:49', 'incomplete'),
(50208, 40202, 0, '0000-00-00 00:00:00', '2022-12-14 11:59:49', 'incomplete'),
(50209, 40202, 0, '0000-00-00 00:00:00', '2022-12-14 11:59:49', 'incomplete'),
(50210, 40202, 0, '0000-00-00 00:00:00', '2022-12-14 11:59:49', 'incomplete'),
(50211, 40202, 0, '0000-00-00 00:00:00', '2022-12-14 11:59:49', 'incomplete'),
(50212, 40202, 0, '0000-00-00 00:00:00', '2022-12-14 11:59:49', 'incomplete'),
(50213, 40202, 0, '0000-00-00 00:00:00', '2022-12-14 11:59:49', 'incomplete'),
(50214, 40202, 0, '0000-00-00 00:00:00', '2022-12-14 11:59:49', 'incomplete'),
(50215, 40202, 0, '0000-00-00 00:00:00', '2022-12-14 11:59:49', 'incomplete'),
(50216, 40202, 0, '0000-00-00 00:00:00', '2022-12-14 11:59:49', 'incomplete'),
(50217, 40202, 0, '0000-00-00 00:00:00', '2022-12-14 11:59:49', 'incomplete'),
(50218, 40202, 0, '0000-00-00 00:00:00', '2022-12-14 11:59:49', 'incomplete'),
(50219, 40202, 0, '0000-00-00 00:00:00', '2022-12-14 11:59:49', 'incomplete'),
(50220, 40202, 0, '0000-00-00 00:00:00', '2022-12-14 11:59:49', 'incomplete'),
(50221, 40202, 0, '0000-00-00 00:00:00', '2022-12-14 11:59:49', 'incomplete'),
(50222, 40202, 0, '0000-00-00 00:00:00', '2022-12-14 11:59:49', 'incomplete'),
(50223, 40202, 0, '0000-00-00 00:00:00', '2022-12-14 11:59:49', 'incomplete'),
(50224, 40202, 0, '0000-00-00 00:00:00', '2022-12-14 11:59:49', 'incomplete'),
(50225, 40202, 0, '0000-00-00 00:00:00', '2022-12-14 11:59:49', 'incomplete'),
(50226, 40202, 0, '0000-00-00 00:00:00', '2022-12-14 11:59:49', 'incomplete'),
(50227, 40202, 0, '0000-00-00 00:00:00', '2022-12-14 11:59:49', 'incomplete'),
(50228, 40202, 0, '0000-00-00 00:00:00', '2022-12-14 11:59:49', 'incomplete'),
(50229, 40202, 0, '0000-00-00 00:00:00', '2022-12-14 11:59:49', 'incomplete'),
(50230, 40202, 0, '0000-00-00 00:00:00', '2022-12-14 11:59:49', 'incomplete'),
(50231, 40202, 0, '0000-00-00 00:00:00', '2022-12-14 11:59:49', 'incomplete'),
(50232, 40202, 0, '0000-00-00 00:00:00', '2022-12-14 11:59:49', 'incomplete'),
(50233, 40202, 0, '0000-00-00 00:00:00', '2023-01-13 05:28:29', 'incomplete'),
(50234, 40202, 0, '0000-00-00 00:00:00', '2022-12-14 11:59:49', 'incomplete'),
(50235, 40202, 0, '0000-00-00 00:00:00', '2022-12-14 11:59:49', 'incomplete'),
(50236, 40202, 0, '0000-00-00 00:00:00', '2022-12-14 11:59:49', 'incomplete'),
(50237, 40202, 0, '0000-00-00 00:00:00', '2022-12-14 11:59:49', 'incomplete'),
(50238, 40202, 0, '0000-00-00 00:00:00', '2022-12-14 11:59:49', 'incomplete'),
(50239, 40202, 0, '0000-00-00 00:00:00', '2022-12-14 11:59:49', 'incomplete'),
(50240, 40202, 0, '0000-00-00 00:00:00', '2022-12-14 11:59:49', 'incomplete'),
(50241, 40202, 0, '0000-00-00 00:00:00', '2022-12-14 11:59:49', 'incomplete'),
(50242, 40202, 0, '0000-00-00 00:00:00', '2022-12-14 11:59:49', 'incomplete'),
(50243, 40202, 0, '0000-00-00 00:00:00', '2022-12-14 11:59:49', 'incomplete'),
(50244, 40202, 0, '0000-00-00 00:00:00', '2022-12-14 11:59:49', 'incomplete'),
(50245, 40202, 0, '0000-00-00 00:00:00', '2022-12-14 11:59:49', 'incomplete'),
(50246, 40202, 0, '0000-00-00 00:00:00', '2022-12-14 11:59:49', 'incomplete'),
(50247, 40202, 0, '0000-00-00 00:00:00', '2022-12-14 11:59:49', 'incomplete'),
(50248, 40202, 0, '0000-00-00 00:00:00', '2022-12-14 11:59:49', 'incomplete'),
(50249, 40202, 0, '0000-00-00 00:00:00', '2022-12-14 11:59:49', 'incomplete'),
(50250, 40202, 0, '0000-00-00 00:00:00', '2022-12-14 11:59:49', 'incomplete'),
(50251, 40202, 0, '0000-00-00 00:00:00', '2022-12-14 11:59:49', 'incomplete'),
(50252, 40202, 0, '0000-00-00 00:00:00', '2022-12-14 11:59:49', 'incomplete'),
(50253, 40202, 0, '0000-00-00 00:00:00', '2022-12-14 11:59:49', 'incomplete'),
(50254, 40202, 0, '0000-00-00 00:00:00', '2022-12-14 11:59:49', 'incomplete'),
(50255, 40202, 0, '0000-00-00 00:00:00', '2022-12-14 11:59:49', 'incomplete'),
(50256, 40202, 0, '0000-00-00 00:00:00', '2022-12-14 11:59:49', 'incomplete'),
(50257, 40202, 0, '0000-00-00 00:00:00', '2022-12-14 11:59:49', 'incomplete'),
(50258, 40202, 0, '0000-00-00 00:00:00', '2022-12-14 11:59:49', 'incomplete'),
(50259, 40202, 0, '0000-00-00 00:00:00', '2022-12-14 11:59:49', 'incomplete'),
(50260, 40202, 0, '0000-00-00 00:00:00', '2022-12-14 11:59:49', 'incomplete'),
(50261, 40202, 0, '0000-00-00 00:00:00', '2022-12-14 11:59:49', 'incomplete'),
(50262, 40202, 0, '0000-00-00 00:00:00', '2022-12-14 11:59:49', 'incomplete'),
(50263, 40202, 0, '0000-00-00 00:00:00', '2022-12-14 11:59:49', 'incomplete'),
(50264, 40202, 0, '0000-00-00 00:00:00', '2022-12-14 11:59:49', 'incomplete'),
(50265, 40202, 0, '0000-00-00 00:00:00', '2022-12-14 11:59:49', 'incomplete'),
(50266, 40202, 0, '0000-00-00 00:00:00', '2022-12-14 11:59:49', 'incomplete'),
(50267, 40202, 0, '0000-00-00 00:00:00', '2022-12-14 11:59:49', 'incomplete'),
(50268, 40202, 0, '0000-00-00 00:00:00', '2022-12-14 11:59:49', 'incomplete'),
(50269, 40202, 0, '0000-00-00 00:00:00', '2022-12-14 11:59:49', 'incomplete'),
(50270, 40202, 0, '0000-00-00 00:00:00', '2022-12-14 11:59:49', 'incomplete'),
(50271, 40202, 0, '0000-00-00 00:00:00', '2022-12-14 11:59:49', 'incomplete'),
(50272, 40202, 0, '0000-00-00 00:00:00', '2022-12-14 11:59:49', 'incomplete'),
(50273, 40202, 0, '0000-00-00 00:00:00', '2022-12-14 11:59:49', 'incomplete'),
(50274, 40202, 0, '0000-00-00 00:00:00', '2022-12-14 11:59:49', 'incomplete'),
(50275, 40202, 0, '0000-00-00 00:00:00', '2022-12-14 11:59:49', 'incomplete'),
(50276, 40202, 0, '0000-00-00 00:00:00', '2022-12-14 11:59:49', 'incomplete'),
(50277, 40202, 0, '0000-00-00 00:00:00', '2022-12-14 11:59:49', 'incomplete'),
(50278, 40202, 0, '0000-00-00 00:00:00', '2022-12-14 11:59:49', 'incomplete'),
(50279, 40202, 0, '0000-00-00 00:00:00', '2022-12-14 11:59:49', 'incomplete'),
(50280, 40202, 0, '0000-00-00 00:00:00', '2022-12-14 11:59:49', 'incomplete'),
(50281, 40202, 0, '0000-00-00 00:00:00', '2022-12-14 11:59:49', 'incomplete'),
(50282, 40202, 0, '0000-00-00 00:00:00', '2022-12-14 11:59:49', 'incomplete'),
(50283, 40202, 0, '0000-00-00 00:00:00', '2022-12-14 11:59:49', 'incomplete'),
(50284, 40202, 0, '0000-00-00 00:00:00', '2022-12-14 11:59:49', 'incomplete'),
(50285, 40202, 0, '0000-00-00 00:00:00', '2022-12-14 11:59:49', 'incomplete'),
(50286, 40202, 0, '0000-00-00 00:00:00', '2022-12-14 11:59:49', 'incomplete'),
(50287, 40202, 0, '0000-00-00 00:00:00', '2022-12-14 11:59:49', 'incomplete'),
(50288, 40202, 0, '0000-00-00 00:00:00', '2022-12-14 11:59:49', 'incomplete'),
(50289, 40202, 0, '0000-00-00 00:00:00', '2022-12-14 11:59:49', 'incomplete'),
(50290, 40202, 0, '0000-00-00 00:00:00', '2022-12-14 11:59:49', 'incomplete'),
(50291, 40202, 0, '0000-00-00 00:00:00', '2022-12-14 11:59:49', 'incomplete'),
(50292, 40202, 0, '0000-00-00 00:00:00', '2022-12-14 11:59:49', 'incomplete'),
(50293, 40202, 0, '0000-00-00 00:00:00', '2022-12-14 11:59:49', 'incomplete'),
(50294, 40202, 0, '0000-00-00 00:00:00', '2022-12-14 11:59:49', 'incomplete'),
(50295, 40202, 0, '0000-00-00 00:00:00', '2022-12-14 11:59:49', 'incomplete'),
(50296, 40202, 0, '0000-00-00 00:00:00', '2022-12-14 11:59:49', 'incomplete'),
(50297, 40202, 0, '0000-00-00 00:00:00', '2022-12-14 11:59:49', 'incomplete'),
(50298, 40202, 0, '0000-00-00 00:00:00', '2022-12-14 11:59:49', 'incomplete'),
(50299, 40202, 0, '0000-00-00 00:00:00', '2022-12-14 11:59:49', 'incomplete'),
(50300, 40300, 0, '0000-00-00 00:00:00', '2022-12-14 11:59:49', 'incomplete'),
(50301, 40301, 0, '0000-00-00 00:00:00', '2022-12-14 11:59:49', 'incomplete'),
(50302, 40302, 0, '0000-00-00 00:00:00', '2022-12-14 11:59:49', 'incomplete'),
(50303, 40303, 0, '0000-00-00 00:00:00', '2022-12-14 11:59:49', 'incomplete'),
(50304, 40304, 0, '0000-00-00 00:00:00', '2022-12-14 11:59:49', 'incomplete'),
(50305, 40305, 0, '0000-00-00 00:00:00', '2022-12-14 11:59:49', 'incomplete'),
(50306, 40306, 0, '0000-00-00 00:00:00', '2022-12-14 11:59:49', 'incomplete'),
(50307, 40307, 0, '0000-00-00 00:00:00', '2022-12-14 11:59:49', 'incomplete'),
(50308, 40308, 0, '0000-00-00 00:00:00', '2022-12-14 11:59:49', 'incomplete'),
(50309, 40309, 0, '0000-00-00 00:00:00', '2022-12-14 11:59:49', 'incomplete'),
(50310, 40310, 0, '0000-00-00 00:00:00', '2022-12-14 11:59:49', 'incomplete'),
(50311, 40311, 0, '0000-00-00 00:00:00', '2022-12-14 11:59:49', 'incomplete'),
(50312, 40312, 0, '0000-00-00 00:00:00', '2022-12-14 11:59:49', 'incomplete'),
(50313, 40313, 0, '0000-00-00 00:00:00', '2022-12-14 11:59:49', 'incomplete'),
(50314, 40314, 0, '0000-00-00 00:00:00', '2022-12-14 11:59:49', 'incomplete'),
(50315, 40315, 0, '0000-00-00 00:00:00', '2022-12-14 11:59:49', 'incomplete'),
(50316, 40316, 0, '0000-00-00 00:00:00', '2022-12-14 11:59:49', 'incomplete'),
(50317, 40317, 0, '0000-00-00 00:00:00', '2022-12-14 11:59:49', 'incomplete'),
(50318, 40318, 0, '0000-00-00 00:00:00', '2022-12-14 11:59:49', 'incomplete'),
(50319, 40319, 0, '0000-00-00 00:00:00', '2022-12-14 11:59:49', 'incomplete'),
(50320, 40320, 0, '0000-00-00 00:00:00', '2022-12-14 11:59:49', 'incomplete'),
(50321, 40321, 0, '0000-00-00 00:00:00', '2022-12-14 11:59:49', 'incomplete'),
(50322, 40322, 0, '0000-00-00 00:00:00', '2022-12-14 11:59:49', 'incomplete'),
(50323, 40323, 0, '0000-00-00 00:00:00', '2022-12-14 11:59:49', 'incomplete'),
(50324, 40324, 0, '0000-00-00 00:00:00', '2022-12-14 11:59:49', 'incomplete'),
(50325, 40325, 0, '0000-00-00 00:00:00', '2022-12-14 11:59:49', 'incomplete'),
(50326, 40326, 0, '0000-00-00 00:00:00', '2022-12-14 11:59:49', 'incomplete'),
(50327, 40327, 0, '0000-00-00 00:00:00', '2022-12-14 11:59:49', 'incomplete'),
(50328, 40328, 0, '0000-00-00 00:00:00', '2022-12-14 11:59:49', 'incomplete'),
(50329, 40329, 0, '0000-00-00 00:00:00', '2022-12-14 11:59:49', 'incomplete'),
(50330, 40330, 0, '0000-00-00 00:00:00', '2022-12-14 11:59:49', 'incomplete'),
(50331, 40331, 0, '0000-00-00 00:00:00', '2022-12-14 11:59:49', 'incomplete'),
(50332, 40332, 0, '0000-00-00 00:00:00', '2022-12-14 11:59:49', 'incomplete'),
(50333, 40333, 0, '0000-00-00 00:00:00', '2022-12-14 11:59:49', 'incomplete'),
(50334, 40334, 0, '0000-00-00 00:00:00', '2022-12-22 00:00:00', 'incomplete'),
(50335, 40335, 0, '0000-00-00 00:00:00', '2022-12-14 11:59:49', 'incomplete'),
(50336, 40336, 0, '0000-00-00 00:00:00', '2022-12-14 11:59:49', 'incomplete'),
(50337, 40337, 0, '0000-00-00 00:00:00', '2022-12-14 00:00:00', 'incomplete'),
(50338, 40338, 0, '0000-00-00 00:00:00', '2022-12-14 11:59:49', 'incomplete'),
(50339, 40339, 0, '0000-00-00 00:00:00', '2022-12-14 11:59:49', 'incomplete'),
(50340, 40340, 0, '0000-00-00 00:00:00', '2022-12-14 11:59:49', 'incomplete'),
(50341, 40341, 0, '0000-00-00 00:00:00', '2022-12-14 11:59:49', 'incomplete'),
(50342, 40342, 0, '0000-00-00 00:00:00', '2022-12-14 11:59:49', 'incomplete'),
(50343, 40343, 0, '0000-00-00 00:00:00', '2022-12-14 11:59:49', 'incomplete'),
(50344, 40344, 0, '0000-00-00 00:00:00', '2022-12-14 11:59:49', 'incomplete'),
(50345, 40345, 0, '0000-00-00 00:00:00', '2022-12-14 11:59:49', 'incomplete'),
(50346, 40346, 0, '0000-00-00 00:00:00', '2022-12-14 11:59:49', 'incomplete'),
(50347, 40347, 0, '0000-00-00 00:00:00', '2022-12-14 11:59:49', 'incomplete');

-- --------------------------------------------------------

--
-- Table structure for table `materials`
--

CREATE TABLE `materials` (
  `material_id` int(100) NOT NULL,
  `material_name` varchar(100) NOT NULL,
  `average_cost` int(100) NOT NULL,
  `in_stock` int(100) UNSIGNED NOT NULL,
  `expected` int(100) NOT NULL,
  `committed` int(100) NOT NULL,
  `missing` int(100) NOT NULL,
  `status` varchar(100) NOT NULL,
  `supplier_id` int(100) NOT NULL
) ENGINE=InnoDB DEFAULT CHARSET=utf8mb4;

--
-- Dumping data for table `materials`
--

INSERT INTO `materials` (`material_id`, `material_name`, `average_cost`, `in_stock`, `expected`, `committed`, `missing`, `status`, `supplier_id`) VALUES
(30001, 'Acetal Rod', 49, 1000, 0, 0, 0, '', 20001),
(30002, 'Acetal Sheet (6x6x4)', 275, 1000, 0, 0, 0, '', 20001),
(30003, 'Acetal Sheet (7.5x7x5)', 344, 1000, 0, 0, 0, '', 20001),
(30004, 'Stainless Rod', 23, 1000, 0, 0, 0, '', 20002),
(30005, 'Aluminum Sheet (6x6x4)', 159, 1000, 0, 0, 0, '', 20002),
(30006, 'Aluminum Sheet (7.5x7x5)', 194, 1000, 0, 0, 0, '', 20002),
(30007, 'Set Screw Allen', 13, 1000, 0, 0, 0, '', 20003),
(30008, 'Spring', 28, 1000, 0, 0, 0, '', 20003),
(30009, 'Anchor Nut', 5, 1000, 0, 0, 0, '', 20003),
(30010, 'Acrylic Clear (6x6x4)', 17, 1000, 0, 0, 0, '', 20004),
(30011, 'Acrylic Clear (7.5x7x5)', 20, 1000, 0, 0, 0, '', 20004),
(30012, 'Electric Wire', 5, 1000, 0, 0, 0, '', 20005),
(30013, 'Microswitch', 15, 1000, 0, 0, 0, '', 20005),
(30014, 'LED', 5, 1000, 0, 0, 0, '', 20005),
(30015, 'Cylindrical Magnet', 40, 1000, 0, 0, 0, '', 20005),
(30016, 'Acetal Sheet (5x4x4)', 126, 1000, 0, 0, 0, '', 20001),
(30017, 'Acetal Sheet (2.5x2x2)', 63, 1000, 0, 0, 0, '', 20001),
(30018, 'Acetal Sheet (3x3x3)', 137, 1000, 0, 0, 0, '', 20001),
(30019, 'Acetal Sheet (3.75x3.5x2.5)', 172, 1000, 0, 0, 0, '', 20001),
(30020, 'Screw', 17, 1000, 0, 0, 0, '', 20003);

-- --------------------------------------------------------

--
-- Table structure for table `orderrecord`
--

CREATE TABLE `orderrecord` (
  `order_id` int(100) UNSIGNED NOT NULL,
  `supplier_id` int(100) NOT NULL,
  `material_id` int(100) NOT NULL,
  `user_id` int(11) UNSIGNED ZEROFILL NOT NULL,
  `quantity` int(100) NOT NULL,
  `total` int(100) NOT NULL,
  `date` timestamp NOT NULL DEFAULT current_timestamp() ON UPDATE current_timestamp()
) ENGINE=InnoDB DEFAULT CHARSET=utf8mb4;

--
-- Dumping data for table `orderrecord`
--

INSERT INTO `orderrecord` (`order_id`, `supplier_id`, `material_id`, `user_id`, `quantity`, `total`, `date`) VALUES
(10104, 20001, 30001, 00000000001, 2, 98, '2023-01-11 18:07:54'),
(10105, 20001, 30002, 00000000001, 20, 5500, '2023-01-12 07:08:18'),
(10106, 20001, 30003, 00000000001, 11, 3784, '2023-01-12 09:24:38'),
(10107, 20001, 30001, 00000000001, 999, 48951, '2023-01-12 12:31:26'),
(10108, 20001, 30002, 00000000001, 22, 6050, '2023-01-12 14:59:23'),
(10109, 20005, 30013, 00000000001, 12, 180, '2023-01-12 15:04:41'),
(10110, 20002, 30004, 00000000001, 2, 46, '2023-01-12 15:45:25'),
(10111, 20002, 30006, 00000000001, 2, 388, '2023-01-12 15:48:23'),
(10112, 20002, 30006, 00000000001, 2, 388, '2023-01-12 15:48:23'),
(10113, 20003, 30007, 00000000001, 2, 26, '2023-01-12 15:52:22'),
(10114, 20003, 30007, 00000000001, 2, 26, '2023-01-12 15:52:22'),
(10115, 20003, 30008, 00000000001, 2, 56, '2023-01-12 15:56:42'),
(10116, 20003, 30008, 00000000001, 2, 56, '2023-01-12 15:56:48'),
(10117, 20002, 30006, 00000000001, 2, 56, '2023-01-12 16:07:11'),
(10118, 20002, 30006, 00000000001, 2, 56, '2023-01-12 16:07:16'),
(10119, 20001, 30001, 00000000001, 2, 98, '2023-01-12 16:10:16'),
(10120, 20001, 30001, 00000000001, 2, 98, '2023-01-12 16:10:20'),
(10121, 20002, 30004, 00000000001, 3, 69, '2023-01-12 16:14:05'),
(10122, 20002, 30004, 00000000001, 3, 69, '2023-01-12 16:14:10'),
(10123, 20002, 30004, 00000000001, 4, 92, '2023-01-12 16:17:42'),
(10124, 20002, 30004, 00000000001, 4, 92, '2023-01-12 16:17:46'),
(10125, 20002, 30005, 00000000001, 66, 10494, '2023-01-12 16:20:08'),
(10126, 20002, 30005, 00000000001, 66, 10494, '2023-01-12 16:20:14'),
(10127, 20003, 30007, 00000000001, 1000, 13000, '2023-01-13 11:18:26'),
(10128, 20003, 30007, 00000000001, 1000, 13000, '2023-01-13 11:18:32'),
(10129, 20002, 30004, 00000000003, 100, 2300, '2023-01-14 04:04:18'),
(10130, 20002, 30004, 00000000003, 100, 2300, '2023-01-14 04:04:33'),
(10131, 20003, 30007, 00000000003, 100, 1300, '2023-01-14 04:05:33'),
(10132, 20003, 30007, 00000000003, 100, 1300, '2023-01-14 04:05:51'),
(10133, 20003, 30020, 00000000003, 1000, 17000, '2023-01-14 04:07:14'),
(10134, 20003, 30020, 00000000003, 1000, 17000, '2023-01-14 04:07:27');

-- --------------------------------------------------------

--
-- Table structure for table `production_log`
--

CREATE TABLE `production_log` (
  `log_id` int(100) NOT NULL,
  `production_id` int(100) NOT NULL,
  `datetime` timestamp NOT NULL DEFAULT current_timestamp() ON UPDATE current_timestamp(),
  `quantity` int(100) NOT NULL
) ENGINE=InnoDB DEFAULT CHARSET=utf8mb4;

--
-- Dumping data for table `production_log`
--

INSERT INTO `production_log` (`log_id`, `production_id`, `datetime`, `quantity`) VALUES
(25, 50001, '2022-12-29 15:52:26', 45),
(26, 50001, '2022-12-29 15:54:46', 80),
(27, 50001, '2022-12-29 15:58:06', 5),
(28, 50002, '2022-12-29 15:59:48', 1),
(29, 50002, '2023-01-12 19:35:25', 5),
(30, 50003, '2023-01-03 10:42:18', 1),
(31, 50071, '2023-01-03 10:43:58', 10),
(37, 50002, '2023-01-12 21:14:11', 2),
(38, 50001, '2023-01-12 21:24:51', 2),
(39, 50233, '2023-01-12 21:28:29', 2),
(40, 50005, '2023-01-13 11:16:07', 222),
(41, 50009, '2023-01-13 11:20:39', 100),
(42, 50001, '2023-01-13 15:57:52', 10),
(43, 50001, '2023-01-13 15:59:33', 10),
(44, 50001, '2023-01-13 16:02:35', 8),
(45, 50001, '2023-01-13 16:18:18', 10),
(46, 50001, '2023-01-13 16:49:37', 230),
(47, 50001, '2023-01-14 04:30:24', 100),
(48, 50001, '2023-01-14 04:37:07', 100);

-- --------------------------------------------------------

--
-- Table structure for table `products`
--

CREATE TABLE `products` (
  `product_id` int(100) NOT NULL,
  `product_name` varchar(100) NOT NULL,
  `part_number` varchar(100) NOT NULL,
  `product_size` varchar(100) NOT NULL,
  `unit_length` varchar(100) NOT NULL,
  `product_dimension` varchar(100) NOT NULL,
  `sale_price` int(100) NOT NULL,
  `average_cost` int(100) NOT NULL,
  `profit` int(100) NOT NULL,
  `in_stock` int(100) UNSIGNED NOT NULL,
  `expected` int(100) NOT NULL,
  `ordered` int(100) NOT NULL
) ENGINE=InnoDB DEFAULT CHARSET=utf8mb4;

--
-- Dumping data for table `products`
--

INSERT INTO `products` (`product_id`, `product_name`, `part_number`, `product_size`, `unit_length`, `product_dimension`, `sale_price`, `average_cost`, `profit`, `in_stock`, `expected`, `ordered`) VALUES
(40001, 'SUB ASSY BODY WITH LOCKPIN', '62 7289*3801*30', 'Small', '25MM', '36x30x30 ', 565, 330, 235, 1012, 0, 0),
(40002, 'SUB ASSY BODY WITH LOCKPIN', '504 7287*1915*90', 'Small', '22MM', '30x30x30 ', 565, 330, 235, 802, 0, 0),
(40003, 'SUB ASSY BODY WITH LOCK PIN', '506 7289*1915*30\r\n', 'Small', '23MM', '30x30x30', 565, 330, 235, 602, 0, 0),
(40004, 'SUB ASSY BODY WITH LOCK PIN', '126 7219*1025*30\r\n', ' Small', '25MM', '30x35x30', 565, 330, 235, 875, 0, 0),
(40005, 'SUB ASSY BODY WITH LOCK PIN', ' 79 7289*8228*30', 'Small', '25MM', '37x30x30 ', 565, 330, 235, 1001, 0, 0),
(40006, 'SUB ASSY BODY WITH LOCK PIN', '57 7289*7040*30', 'Medium', '35MM', '45x33x30 ', 870, 1006, 136, 736, 0, 0),
(40007, 'SUB ASSY BODY WITH LOCK PIN', '84 7289*8077*30', 'Medium', '30MM', '42x35x35 ', 870, 479, 391, 1016, 0, 0),
(40008, 'SUB ASSY BODY WITH LOCK PIN', '4  7289*7428*40', 'Medium', '28MM', '36x30x35 ', 870, 479, 22, 773, 0, 0),
(40009, 'SUB ASSY BODY WITH LOCK PIN', '3 7289*7428*30', 'Medium', '28MM', '36x30x35 ', 870, 479, 10, 626, 0, 0),
(40010, 'SUB ASSY BODY WITH LOCK PIN', '2 7289*7428*40', 'Medium', '28MM', '36x30x35 ', 870, 479, 40, 930, 0, 0),
(40011, 'SUB ASSY BODY WITH LOCK PIN', '1 7289*7428*30', 'Medium', '28MM', '36x30x35', 870, 479, 50, 945, 0, 0),
(40012, 'SUB ASSY BODY WITH LOCK PIN', ' 43 7289*7040*30', 'Medium', '26MM', '32x31x30 ', 870, 479, 0, 943, 0, 0),
(40014, 'SUB ASSY BODY WITH LOCK PIN', '12 7289*8228*40', 'Medium', '26MM', '37x30x30 ', 870, 479, 0, 919, 0, 0),
(40015, 'SUB ASSY BODY WITH LOCK PIN', '83 7189*7430*30', 'Medium', '32MM', '30x36x30 ', 870, 479, 0, 900, 0, 0),
(40016, 'SUB ASSY BODY WITH LOCK PIN', '501 7189*7039*40', 'Medium', '33MM', '35x30x42 ', 870, 479, 0, 911, 0, 0),
(40017, 'SUB ASSY BODY WITH LOCK PIN', '500 7287*1915*30', 'Medium', '27MM', '38x26x30 ', 870, 479, 0, 923, 0, 0),
(40018, 'SUB ASSY BODY WITH LOCK PIN', '508 7286*1918*40', 'Medium', '30MM', '30x43x48 ', 870, 479, 0, 944, 0, 0),
(40019, 'SUB ASSY BODY WITH LOCK PIN', '51 7289*7040*30', 'Large', '39MM', '31x38x30', 975, 548, 0, 904, 0, 0),
(40020, 'SUB ASSY BODY WITH LOCK PIN', '27 7289*0896*30', 'Large', '43MM', '45x40x30', 975, 548, 0, 902, 0, 0),
(40021, 'SUB ASSY BODY WITH LOCK PIN', '56 7289*7040*40', 'Large', '38MM', '36x42x44', 975, 548, 0, 922, 0, 0),
(40022, 'SUB ASSY BODY WITH LOCK PIN', '11 7289*7253*30', 'Large', '41MM', '46x37x30', 975, 548, 0, 922, 0, 0),
(40023, 'SUB ASSY BODY WITH LOCK PIN', '30 7289*1495*30', 'Large', '49MM', '53x40x30', 975, 548, 0, 946, 0, 0),
(40024, 'SUB ASSY BODY WITH LOCK PIN', '31 7289*7435*30', 'Large', '41MM', '47x36x30', 975, 548, 0, 913, 0, 0),
(40025, 'SUB ASSY BODY WITH LOCK PIN', '40 7289*4200*30', 'Large', '38MM', '36x42x30', 975, 548, 0, 963, 0, 0),
(40026, 'SUB ASSY BODY WITH LOCK PIN', '85 7289*7435*30', 'Large', '45MM', '47x36x30', 975, 548, 0, 902, 0, 0),
(40027, 'SUB ASSY BODY WITH LOCK PIN', '9 7289*7435*30', 'Large', '44MM', '47x36x30', 975, 548, 0, 946, 0, 0),
(40028, 'SUB ASSY BODY WITH LOCK PIN', '85 7289*7435*30', 'Large', '45MM', '47x36x30 ', 975, 548, 0, 886, 0, 0),
(40029, 'SUB ASSY BODY WITH LOCK PIN', '13 7289*7253*30', 'Large', '42MM', '46x37x30', 975, 548, 0, 955, 0, 0),
(40030, 'SUB ASSY BODY WITH LOCK PIN', '82 7289*0552*30', 'Large', '43MM', '47.5x39.5x30', 975, 548, 0, 902, 0, 0),
(40031, 'SUB ASSY BODY WITH LOCK PIN', ' 50 7289*7431*30', 'Large', '48MM', '53x47x36', 975, 548, 0, 944, 0, 0),
(40032, 'SUB ASSY BODY WITH LOCK PIN', '20 7283*7699*30', 'Large', '44MM', '48x48x30', 975, 548, 0, 924, 0, 0),
(40033, 'SUB ASSY BODY WITH LOCK PIN', '60 7283*4798*30', 'Large', '37MM', '35x39x30', 975, 548, 0, 933, 0, 0),
(40034, 'SUB ASSY BODY WITH LOCK PIN', '525 7283*4272*30', 'Large', '42MM', '45x52x30', 975, 548, 0, 780, 0, 0),
(40035, 'SUB ASSY BODY WITH LOCK PIN', '19 7289*7252*30', 'Large', '37MM', '33x39x30', 975, 548, 0, 933, 0, 0),
(40036, 'SUB ASSY BODY WITH LOCK PIN', '16 7289*7431*30', 'Large', '48MM', '40x50x38', 975, 548, 0, 911, 0, 0),
(40037, 'SUB ASSY BODY WITH LOCK PIN', '5 7289*0896*30', 'Large', '40MM', '31.5x44x30', 975, 548, 0, 910, 0, 0),
(40038, 'SUB ASSY BODY WITH LOCK PIN', '100 7289*7433*30', 'Large', '43MM', '50x396x35', 975, 548, 0, 933, 0, 0),
(40039, 'SUB ASSY BODY WITH LOCKPIN', '13 7283*7253*30', 'Large', '40MM', '46x37x30', 975, 548, 0, 924, 0, 0),
(40040, 'SUB ASSY BODY WITH LOCK PIN', '8/9 7289*7435*30', 'Large', '41MM', '47x36x30 ', 975, 548, 0, 899, 0, 0),
(40041, 'SUB ASSY BODY WITH LOCK PIN', '64 7283*1648*30', 'Large', '44MM', '44x50x35 ', 975, 548, 0, 922, 0, 0),
(40042, 'SUB ASSY BODY WITH LOCK PIN', '7 7289*7040*30', 'Large', '40MM', '45x33x30', 975, 548, 0, 902, 0, 0),
(40043, 'SUB ASSY BODY WITH LOCK PIN', '71 723*4673*40', 'Large', '38MM', '32x42x30', 975, 548, 0, 922, 0, 0),
(40044, 'SUB ASSY BODY WITH LOCKPIN', '31 7289*7435*30', 'Large', '40MM', '47x36x30', 975, 548, 0, 910, 0, 0),
(40045, 'SUB ASSY BODY WITH LOCK PIN', '551 7253*4272*30', 'Large', '40MM', '45x52x30', 975, 548, 0, 933, 0, 0),
(40046, 'SUB ASSY BODY WITH LOCK PIN', '21 7283*7699*30', 'Large', '42MM', '48x48x30', 975, 548, 0, 935, 0, 0),
(40047, 'SUB ASSY BODY WITH LOCK PIN', '88/87 7289*0552*30', 'Large', '43MM', '47x39.5x30', 975, 548, 0, 910, 0, 0),
(40048, 'SUB ASSY BODY WITH LOCK PIN', '85/86 7289*7435*30', 'Large', '45MM', '47x36x30', 975, 548, 0, 955, 0, 0),
(40049, 'SUB ASSY BODY WITH LOCK PIN', '35/36 7289*4200*30', 'Large', '38MM', '36x42x30', 975, 548, 0, 924, 0, 0),
(40050, 'SUB ASSY BODY WITH LOCK PIN', '19 7289*7252*30', 'Large', '36MM', '33x39x30', 975, 548, 0, 911, 0, 0),
(40051, 'SUB ASSY BODY WITH LOCK PIN', '98 7283*4276*30', 'Large', '37MM', '32x42x30', 975, 548, 0, 955, 0, 0),
(40052, 'SUB ASSY BODY WITH LOCK PIN', '40 7289*4200*30', 'Large', '40MM', '46x34x30', 975, 548, 0, 924, 0, 0),
(40053, 'SUB ASSY BODY WITH LOCK PIN', '527 7283*4774*30', 'Large', '39MM', '46x41.5x30', 975, 548, 0, 912, 0, 0),
(40054, 'SUB ASSY BODY WITH LOCK PIN', '134 7283*4276*30', 'Large', '37MM', '36x43x30', 975, 548, 0, 902, 0, 0),
(40055, 'SUB ASSY BODY WITH LOCK PIN', '41 7289*0896*30', 'Large', '40MM', '39x27x30', 975, 548, 0, 933, 0, 0),
(40056, 'SUB ASSY BODY WITH LOCK PIN', '52 7289*7040*30', 'Large', '36MM', '32x38x30', 975, 548, 0, 913, 0, 0),
(40057, 'SUB ASSY BODY WITH LOCK PIN', '92 7283*8355*30', 'Large', '46MM', '57x41x30', 975, 548, 0, 902, 0, 0),
(40058, 'SUB ASSY BODY WITH LOCK PIN', '72 7287*8455*30', 'Large', '50MM', '52x52x30', 975, 548, 0, 922, 0, 0),
(40059, 'SUB ASSY BODY WITH LOCK PIN', '93 7289*5747*30', 'Large', '50MM', '58x52x30', 975, 548, 0, 933, 0, 0),
(40060, 'SUB ASSY BODY WITH LOCK PIN', '99 7289*7433*30', 'Large', '50MM', '50x39x35', 975, 548, 0, 903, 0, 0),
(40061, 'SUB ASSY BODY WITH LOCK PIN', '35 7289*4200*30', 'Large', '39MM', '36x42x30 ', 975, 548, 0, 901, 0, 0),
(40062, 'SUB ASSY BODY WITH LOCK PIN', '49 7287*8452*30', 'Large', '48MM', '52x42x30', 975, 548, 0, 856, 0, 0),
(40063, 'SUB ASSY BODY WITH LOCK PIN', '73 7289-*7040*30', 'Large', '40MM', '45x33x30', 975, 548, 0, 910, 0, 0),
(40064, 'SUB ASSY BODY WITH LOCK PIN', '66 7289*7433*30', 'Large', '43MM', '50x39x35', 975, 548, 0, 935, 0, 0),
(40065, 'COT HOLDER', 'D4', 'Small', 'N/A', 'N/A ', 145, 187, 0, 845, 0, 0),
(40066, 'COT HOLDER', 'D5', 'Small', 'N/A', 'N/A ', 145, 187, 0, 891, 0, 0),
(40067, 'COT HOLDER', 'D6', 'Small', 'N/A', 'N/A ', 145, 187, 0, 821, 0, 0),
(40068, 'COT HOLDER', 'D7', 'Small', 'N/A', 'N/A ', 145, 187, 0, 846, 0, 0),
(40069, 'COT HOLDER', 'D8', 'Small', 'N/A', 'N/A ', 145, 187, 0, 825, 0, 0),
(40070, 'COT HOLDER', 'D9', 'Small', 'N/A', 'N/A ', 145, 187, 0, 691, 0, 0),
(40071, 'COT HOLDER', 'D10', 'Small', 'N/A', 'N/A ', 145, 187, 0, 857, 0, 0),
(40072, 'COT HOLDER', 'D11', 'Small', 'N/A', 'N/A ', 145, 187, 0, 833, 0, 0),
(40073, 'COT HOLDER', 'D12', 'Small', 'N/A', 'N/A ', 145, 187, 0, 887, 0, 0),
(40074, 'COT HOLDER', 'D13', 'Small', 'N/A', 'N/A ', 145, 187, 0, 857, 0, 0),
(40075, 'COT HOLDER', 'D15', 'Medium', 'N/A', 'N/A ', 210, 161, 0, 924, 0, 0),
(40076, 'COT HOLDER', 'D16', 'Medium', 'N/A', 'N/A ', 210, 161, 0, 826, 0, 0),
(40077, 'COT HOLDER', 'D17', 'Medium', 'N/A', 'N/A ', 210, 161, 0, 912, 0, 0),
(40078, 'COT HOLDER', 'D18', 'Medium', 'N/A', 'N/A ', 210, 161, 0, 933, 0, 0),
(40079, 'COT HOLDER', 'D19', 'Medium', 'N/A', 'N/A ', 210, 161, 0, 913, 0, 0),
(40080, 'COT HOLDER', 'D20', 'Medium', 'N/A', 'N/A ', 210, 161, 0, 933, 0, 0),
(40081, 'COT HOLDER', 'D21', 'Medium', 'N/A', 'N/A ', 210, 161, 0, 901, 0, 0),
(40082, 'COT HOLDER', 'D22', 'Medium', 'N/A', 'N/A ', 210, 161, 0, 933, 0, 0),
(40083, 'COT HOLDER', 'D25', 'Large', 'N/A', 'N/A ', 250, 196, 0, 935, 0, 0),
(40084, 'COT HOLDER', 'D26', 'Large', 'N/A', 'N/A ', 250, 196, 0, 823, 0, 0),
(40085, 'COT HOLDER', 'D27', 'Large', 'N/A', 'N/A ', 250, 196, 0, 941, 0, 0),
(40086, 'COT HOLDER', 'D28', 'Large', 'N/A', 'N/A ', 250, 196, 0, 902, 0, 0),
(40087, 'COT HOLDER', 'D29', 'Large', 'N/A', 'N/A ', 250, 196, 0, 910, 0, 0),
(40088, 'COT HOLDER', 'D30', 'Large', 'N/A', 'N/A ', 250, 196, 0, 967, 0, 0),
(40089, 'COT HOLDER', 'D31', 'Large', 'N/A', 'N/A ', 250, 196, 0, 902, 0, 0),
(40090, 'COT HOLDER', 'D32', 'Large', 'N/A', 'N/A ', 250, 196, 0, 922, 0, 0),
(40091, 'BLIND PLUG', '57 7289*7040*30', 'Medium', '35MM', '45x33x30 ', 3000, 307, 0, 890, 0, 0),
(40092, 'BLIND PLUG', '84 7289*8077*30', 'Medium', '30MM', '42x35x35 ', 3000, 307, 0, 927, 0, 0),
(40093, 'BLIND PLUG', '4  7289*7428*40', 'Medium', '28MM', '36x30x35 ', 3000, 307, 0, 799, 0, 0),
(40094, 'BLIND PLUG', '3 7289*7428*30', 'Medium', '28MM', '36x30x35 ', 3000, 307, 0, 857, 0, 0),
(40095, 'BLIND PLUG', '2 7289*7428*40', 'Medium', '28MM', '36x30x35 ', 3000, 307, 0, 757, 0, 0),
(40096, 'BLIND PLUG', '1 7289*7428*30', 'Medium', '28MM', '36x30x35', 3000, 307, 0, 843, 0, 0),
(40097, 'BLIND PLUG', ' 43 7289*7040*30', 'Medium', '26MM', '32x31x30 ', 3000, 307, 0, 846, 0, 0),
(40098, 'BLIND PLUG', '12 7289*8228*40', 'Medium', '26MM', '37x30x30 ', 3000, 307, 0, 923, 0, 0),
(40099, 'BLIND PLUG', '83 7189*7430*30', 'Medium', '32MM', '30x36x30 ', 3000, 307, 0, 745, 0, 0),
(40100, 'BLIND PLUG', '501 7189*7039*40', 'Medium', '33MM', '35x30x42 ', 3000, 307, 0, 899, 0, 0),
(40101, 'BLIND PLUG', '500 7287*1915*30', 'Medium', '27MM', '38x26x30 ', 3000, 307, 0, 912, 0, 0),
(40102, 'BLIND PLUG', '508 7286*1918*40', 'Medium', '30MM', '30x43x48 ', 3000, 307, 0, 922, 0, 0),
(40103, 'BLIND PLUG', '51 7289*7040*30', 'Large', '39MM', '31x38x30', 4000, 342, 0, 924, 0, 0),
(40104, 'BLIND PLUG', '27 7289*0896*30', 'Large', '43MM', '45x40x30', 4000, 342, 0, 935, 0, 0),
(40105, 'BLIND PLUG', '56 7289*7040*40', 'Large', '38MM', '36x42x44', 4000, 342, 0, 935, 0, 0),
(40106, 'BLIND PLUG', '11 7289*7253*30', 'Large', '41MM', '46x37x30', 4000, 342, 0, 913, 0, 0),
(40107, 'BLIND PLUG', '30 7289*1495*30', 'Large', '49MM', '53x40x30', 4000, 342, 0, 933, 0, 0),
(40108, 'BLIND PLUG', '31 7289*7435*30', 'Large', '41MM', '47x36x30', 4000, 342, 0, 946, 0, 0),
(40109, 'BLIND PLUG', '40 7289*4200*30', 'Large', '38MM', '36x42x30', 4000, 342, 0, 924, 0, 0),
(40110, 'BLIND PLUG', '85 7289*7435*30', 'Large', '45MM', '47x36x30', 4000, 342, 0, 913, 0, 0),
(40111, 'BLIND PLUG', '9 7289*7435*30', 'Large', '44MM', '47x36x30', 4000, 342, 0, 933, 0, 0),
(40112, 'BLIND PLUG', '85 7289*7435*30', 'Large', '45MM', '47x36x30 ', 4000, 342, 0, 913, 0, 0),
(40113, 'BLIND PLUG', '13 7289*7253*30', 'Large', '42MM', '46x37x30', 4000, 342, 0, 933, 0, 0),
(40114, 'BLIND PLUG', '82 7289*0552*30', 'Large', '43MM', '47.5x39.5x30', 4000, 342, 0, 902, 0, 0),
(40115, 'BLIND PLUG', ' 50 7289*7431*30', 'Large', '48MM', '53x47x36', 4000, 342, 0, 933, 0, 0),
(40116, 'BLIND PLUG', '20 7283*7699*30', 'Large', '44MM', '48x48x30', 4000, 342, 0, 922, 0, 0),
(40117, 'BLIND PLUG', '60 7283*4798*30', 'Large', '37MM', '35x39x30', 4000, 342, 0, 944, 0, 0),
(40118, 'BLIND PLUG', '525 7283*4272*30', 'Large', '42MM', '45x52x30', 4000, 342, 0, 913, 0, 0),
(40119, 'BLIND PLUG', '19 7289*7252*30', 'Large', '37MM', '33x39x30', 4000, 342, 0, 902, 0, 0),
(40120, 'BLIND PLUG', '16 7289*7431*30', 'Large', '48MM', '40x50x38', 4000, 342, 0, 922, 0, 0),
(40121, 'BLIND PLUG', '5 7289*0896*30', 'Large', '40MM', '31.5x44x30', 4000, 342, 0, 911, 0, 0),
(40122, 'BLIND PLUG', '100 7289*7433*30', 'Large', '43MM', '50x396x35', 4000, 342, 0, 924, 0, 0),
(40123, 'BLIND PLUG', '13 7283*7253*30', 'Large', '40MM', '46x37x30', 4000, 342, 0, 922, 0, 0),
(40124, 'BLIND PLUG', '8/9 7289*7435*30', 'Large', '41MM', '47x36x30 ', 4000, 342, 0, 933, 0, 0),
(40125, 'BLIND PLUG', '64 7283*1648*30', 'Large', '44MM', '44x50x35 ', 4000, 342, 0, 912, 0, 0),
(40126, 'BLIND PLUG', '7 7289*7040*30', 'Large', '40MM', '45x33x30', 4000, 342, 0, 912, 0, 0),
(40127, 'BLIND PLUG', '71 723*4673*40', 'Large', '38MM', '32x42x30', 4000, 342, 0, 923, 0, 0),
(40128, 'BLIND PLUG', '31 7289*7435*30', 'Large', '40MM', '47x36x30', 4000, 342, 0, 923, 0, 0),
(40129, 'BLIND PLUG', '551 7253*4272*30', 'Large', '40MM', '45x52x30', 4000, 342, 0, 923, 0, 0),
(40130, 'BLIND PLUG', '21 7283*7699*30', 'Large', '42MM', '48x48x30', 4000, 342, 0, 902, 0, 0),
(40131, 'BLIND PLUG', '88/87 7289*0552*30', 'Large', '43MM', '47x39.5x30', 4000, 342, 0, 924, 0, 0),
(40132, 'BLIND PLUG', '85/86 7289*7435*30', 'Large', '45MM', '47x36x30', 4000, 342, 0, 912, 0, 0),
(40133, 'BLIND PLUG', '35/36 7289*4200*30', 'Large', '38MM', '36x42x30', 4000, 342, 0, 944, 0, 0),
(40134, 'BLIND PLUG', '19 7289*7252*30', 'Large', '36MM', '33x39x30', 4000, 342, 0, 924, 0, 0),
(40135, 'BLIND PLUG', '98 7283*4276*30', 'Large', '37MM', '32x42x30', 4000, 342, 0, 902, 0, 0),
(40136, 'BLIND PLUG', '40 7289*4200*30', 'Large', '40MM', '46x34x30', 4000, 342, 0, 902, 0, 0),
(40137, 'BLIND PLUG', '527 7283*4774*30', 'Large', '39MM', '46x41.5x30', 4000, 342, 0, 911, 0, 0),
(40138, 'BLIND PLUG', '134 7283*4276*30', 'Large', '37MM', '36x43x30', 4000, 342, 0, 922, 0, 0),
(40139, 'BLIND PLUG', '41 7289*0896*30', 'Large', '40MM', '39x27x30', 4000, 342, 0, 924, 0, 0),
(40140, 'BLIND PLUG', '52 7289*7040*30', 'Large', '36MM', '32x38x30', 4000, 342, 0, 933, 0, 0),
(40141, 'BLIND PLUG', '92 7283*8355*30', 'Large', '46MM', '57x41x30', 4000, 342, 0, 913, 0, 0),
(40142, 'BLIND PLUG', '72 7287*8455*30', 'Large', '50MM', '52x52x30', 4000, 342, 0, 924, 0, 0),
(40143, 'BLIND PLUG', '93 7289*5747*30', 'Large', '50MM', '58x52x30', 4000, 342, 0, 922, 0, 0),
(40144, 'BLIND PLUG', '99 7289*7433*30', 'Large', '50MM', '50x39x35', 4000, 342, 0, 913, 0, 0),
(40145, 'BLIND PLUG', '35 7289*4200*30', 'Large', '39MM', '36x42x30 ', 4000, 342, 0, 922, 0, 0),
(40146, 'BLIND PLUG', '49 7287*8452*30', 'Large', '48MM', '52x42x30', 4000, 342, 0, 923, 0, 0),
(40147, 'BLIND PLUG', '73 7289-*7040*30', 'Large', '40MM', '45x33x30', 4000, 342, 0, 922, 0, 0),
(40148, 'BLIND PLUG', '66 7289*7433*30', 'Large', '43MM', '50x39x35', 4000, 342, 0, 923, 0, 0),
(40149, 'ACETAL CONNECTOR HOLDER', '62 7289*3801*30', 'Small', '25MM', '36x30x30 ', 450, 203, 0, 857, 0, 0),
(40150, 'ACETAL CONNECTOR HOLDER', '504 7287*1915*90', 'Small', '22MM', '30x30x30 ', 450, 203, 0, 857, 0, 0),
(40151, 'ACETAL CONNECTOR HOLDER', '506 7289*1915*30', 'Small', '23MM', '30x30x30', 450, 203, 0, 911, 0, 0),
(40152, 'ACETAL CONNECTOR HOLDER', '126 7219*1025*30', ' Small', '25MM', '30x35x30', 450, 203, 0, 835, 0, 0),
(40153, 'ACETAL CONNECTOR HOLDER', ' 79 7289*8228*30', 'Small', '25MM', '37x30x30 ', 450, 203, 0, 806, 0, 0),
(40154, 'ACETAL CONNECTOR HOLDER', '57 7289*7040*30', 'Medium', '35MM', '45x33x30 ', 650, 352, 0, 746, 0, 0),
(40155, 'ACETAL CONNECTOR HOLDER', '84 7289*8077*30', 'Medium', '30MM', '42x35x35 ', 650, 352, 0, 846, 0, 0),
(40156, 'ACETAL CONNECTOR HOLDER', '4  7289*7428*40', 'Medium', '28MM', '36x30x35 ', 650, 352, 0, 799, 0, 0),
(40157, 'ACETAL CONNECTOR HOLDER', '3 7289*7428*30', 'Medium', '28MM', '36x30x35 ', 650, 352, 0, 856, 0, 0),
(40158, 'ACETAL CONNECTOR HOLDER', '2 7289*7428*40', 'Medium', '28MM', '36x30x35 ', 8650, 352, 0, 864, 0, 0),
(40159, 'ACETAL CONNECTOR HOLDER', '1 7289*7428*30', 'Medium', '28MM', '36x30x35', 650, 352, 0, 923, 0, 0),
(40160, 'ACETAL CONNECTOR HOLDER', ' 43 7289*7040*30', 'Medium', '26MM', '32x31x30 ', 650, 352, 0, 922, 0, 0),
(40161, 'ACETAL CONNECTOR HOLDER', '12 7289*8228*40', 'Medium', '26MM', '37x30x30 ', 650, 352, 0, 924, 0, 0),
(40162, 'ACETAL CONNECTOR HOLDER', '83 7189*7430*30', 'Medium', '32MM', '30x36x30 ', 650, 352, 0, 924, 0, 0),
(40163, 'ACETAL CONNECTOR HOLDER', '501 7189*7039*40', 'Medium', '33MM', '35x30x42 ', 650, 352, 0, 912, 0, 0),
(40164, 'ACETAL CONNECTOR HOLDER', '500 7287*1915*30', 'Medium', '27MM', '38x26x30 ', 650, 352, 0, 912, 0, 0),
(40165, 'ACETAL CONNECTOR HOLDER', '508 7286*1918*40', 'Medium', '30MM', '30x43x48 ', 650, 352, 0, 945, 0, 0),
(40166, 'ACETAL CONNECTOR HOLDER', '51 7289*7040*30', 'Large', '39MM', '31x38x30', 800, 421, 0, 956, 0, 0),
(40167, 'ACETAL CONNECTOR HOLDER', '27 7289*0896*30', 'Large', '43MM', '45x40x30', 800, 421, 0, 924, 0, 0),
(40168, 'ACETAL CONNECTOR HOLDER', '56 7289*7040*40', 'Large', '38MM', '36x42x44', 800, 421, 0, 935, 0, 0),
(40169, 'ACETAL CONNECTOR HOLDER', '11 7289*7253*30', 'Large', '41MM', '46x37x30', 800, 421, 0, 934, 0, 0),
(40170, 'ACETAL CONNECTOR HOLDER', '30 7289*1495*30', 'Large', '49MM', '53x40x30', 800, 421, 0, 935, 0, 0),
(40171, 'ACETAL CONNECTOR HOLDER', '31 7289*7435*30', 'Large', '41MM', '47x36x30', 800, 421, 0, 920, 0, 0),
(40172, 'ACETAL CONNECTOR HOLDER', '40 7289*4200*30', 'Large', '38MM', '36x42x30', 800, 421, 0, 923, 0, 0),
(40173, 'ACETAL CONNECTOR HOLDER', '85 7289*7435*30', 'Large', '45MM', '47x36x30', 800, 421, 0, 944, 0, 0),
(40174, 'ACETAL CONACETAL CONNECTOR HOLDERNECTOR HOLDER', '9 7289*7435*30', 'Large', '44MM', '47x36x30', 800, 421, 0, 923, 0, 0),
(40175, 'ACETAL CONNECTOR HOLDER', '85 7289*7435*30', 'Large', '45MM', '47x36x30 ', 800, 421, 0, 902, 0, 0),
(40176, 'ACETAL CONNECTOR HOLDER', '13 7289*7253*30', 'Large', '42MM', '46x37x30', 800, 421, 0, 902, 0, 0),
(40177, 'ACETAL CONNECTOR HOLDER', '82 7289*0552*30', 'Large', '43MM', '47.5x39.5x30', 800, 421, 0, 923, 0, 0),
(40178, 'ACETAL CONNECTOR HOLDER', ' 50 7289*7431*30', 'Large', '48MM', '53x47x36', 800, 421, 0, 902, 0, 0),
(40179, 'ACETAL CONNECTOR HOLDER', '20 7283*7699*30', 'Large', '44MM', '48x48x30', 800, 421, 0, 953, 0, 0),
(40180, 'ACETAL CONNECTOR HOLDER', '60 7283*4798*30', 'Large', '37MM', '35x39x30', 800, 421, 0, 951, 0, 0),
(40181, 'ACETAL CONNECTOR HOLDER', '525 7283*4272*30', 'Large', '42MM', '45x52x30', 800, 421, 0, 878, 0, 0),
(40182, 'ACETAL CONNECTOR HOLDER', '19 7289*7252*30', 'Large', '37MM', '33x39x30', 800, 421, 0, 779, 0, 0),
(40183, 'ACETAL CONNECTOR HOLDER', '16 7289*7431*30', 'Large', '48MM', '40x50x38', 800, 421, 0, 966, 0, 0),
(40184, 'ACETAL CONNECTOR HOLDER', '5 7289*0896*30', 'Large', '40MM', '31.5x44x30', 800, 421, 0, 970, 0, 0),
(40185, 'ACETAL CONNECTOR HOLDER', '100 7289*7433*30', 'Large', '43MM', '50x396x35', 800, 421, 0, 924, 0, 0),
(40186, 'ACETAL CONNECTOR HOLDER', '13 7283*7253*30', 'Large', '40MM', '46x37x30', 800, 421, 0, 945, 0, 0),
(40187, 'ACETAL CONNECTOR HOLDER', '8/9 7289*7435*30', 'Large', '41MM', '47x36x30 ', 800, 421, 0, 945, 0, 0),
(40188, 'ACETAL CONNECTOR HOLDER', '64 7283*1648*30', 'Large', '44MM', '44x50x35 ', 800, 421, 0, 950, 0, 0),
(40189, 'ACETAL CONNECTOR HOLDER', '7 7289*7040*30', 'Large', '40MM', '45x33x30', 800, 421, 0, 950, 0, 0),
(40190, 'ACETAL CONNECTOR HOLDER', '71 723*4673*40', 'Large', '38MM', '32x42x30', 800, 421, 0, 945, 0, 0),
(40191, 'ACETAL CONNECTOR HOLDER', '31 7289*7435*30', 'Large', '40MM', '47x36x30', 800, 421, 0, 945, 0, 0),
(40192, 'ACETAL CONNECTOR HOLDER', '551 7253*4272*30', 'Large', '40MM', '45x52x30', 800, 421, 0, 950, 0, 0),
(40193, 'ACETAL CONNECTOR HOLDER', '21 7283*7699*30', 'Large', '42MM', '48x48x30', 800, 421, 0, 945, 0, 0),
(40194, 'ACETAL CONNECTOR HOLDER', '88/87 7289*0552*30', 'Large', '43MM', '47x39.5x30', 800, 421, 0, 945, 0, 0),
(40195, 'ACETAL CONNECTOR HOLDER', '85/86 7289*7435*30', 'Large', '45MM', '47x36x30', 800, 421, 0, 945, 0, 0),
(40196, 'ACETAL CONNECTOR HOLDER', '35/36 7289*4200*30', 'Large', '38MM', '36x42x30', 800, 421, 0, 945, 0, 0),
(40197, 'ACETAL CONNECTOR HOLDER', '19 7289*7252*30', 'Large', '36MM', '33x39x30', 800, 421, 0, 950, 0, 0),
(40198, 'ACETAL CONNECTOR HOLDER', '98 7283*4276*30', 'Large', '37MM', '32x42x30', 800, 421, 0, 945, 0, 0),
(40199, 'ACETAL CONNECTOR HOLDER', '40 7289*4200*30', 'Large', '40MM', '46x34x30', 800, 421, 0, 945, 0, 0),
(40200, 'ACETAL CONNECTOR HOLDER', '527 7283*4774*30', 'Large', '39MM', '46x41.5x30', 800, 421, 0, 950, 0, 0),
(40201, 'ACETAL CONNECTOR HOLDER', '134 7283*4276*30', 'Large', '37MM', '36x43x30', 800, 421, 0, 945, 0, 0),
(40202, 'ACETAL CONNECTOR HOLDER', '41 7289*0896*30', 'Large', '40MM', '39x27x30', 800, 421, 0, 952, 0, 0),
(40203, 'ACETAL CONNECTOR HOLDER', '52 7289*7040*30', 'Large', '36MM', '32x38x30', 800, 421, 0, 935, 0, 0),
(40204, 'ACETAL CONNECTOR HOLDER', '92 7283*8355*30', 'Large', '46MM', '57x41x30', 800, 421, 0, 924, 0, 0),
(40205, 'ACETAL CONNECTOR HOLDER', '72 7287*8455*30', 'Large', '50MM', '52x52x30', 800, 421, 0, 950, 0, 0),
(40206, 'ACETAL CONNECTOR HOLDER', '93 7289*5747*30', 'Large', '50MM', '58x52x30', 800, 421, 0, 913, 0, 0),
(40207, 'ACETAL CONNECTOR HOLDER', '99 7289*7433*30', 'Large', '50MM', '50x39x35', 800, 421, 0, 902, 0, 0),
(40208, 'ACETAL CONNECTOR HOLDER', '35 7289*4200*30', 'Large', '39MM', '36x42x30 ', 800, 421, 0, 924, 0, 0),
(40209, 'ACETAL CONNECTOR HOLDER', '49 7287*8452*30', 'Large', '48MM', '52x42x30', 800, 421, 0, 934, 0, 0),
(40210, 'ACETAL CONNECTOR HOLDER', '73 7289-*7040*30', 'Large', '40MM', '45x33x30', 800, 421, 0, 934, 0, 0),
(40211, 'ACETAL CONNECTOR HOLDER', '66 7289*7433*30', 'Large', '43MM', '50x39x35', 800, 421, 0, 568, 0, 0),
(40212, 'SIMILAR CONNECTOR HOLDER', '62 7289*3801*30', 'Small', '25MM', '36x30x30 ', 1200, 264, 0, 933, 0, 0),
(40213, 'SIMILAR CONNECTOR HOLDER', '504 7287*1915*90', 'Small', '22MM', '30x30x30 ', 1200, 264, 0, 955, 0, 0),
(40214, 'SIMILAR CONNECTOR HOLDER', '506 7289*1915*30', 'Small', '23MM', '30x30x30', 1200, 264, 0, 913, 0, 0),
(40215, 'SIMILAR CONNECTOR HOLDER', '126 7219*1025*30', ' Small', '25MM', '30x35x30', 1200, 264, 0, 879, 0, 0),
(40216, 'SIMILAR CONNECTOR HOLDER', ' 79 7289*8228*30', 'Small', '25MM', '37x30x30 ', 1200, 264, 0, 776, 0, 0),
(40217, 'SIMILAR CONNECTOR HOLDER', '57 7289*7040*30', 'Medium', '35MM', '45x33x30 ', 1400, 413, 0, 913, 0, 0),
(40218, 'SIMILAR CONNECTOR HOLDER', '84 7289*8077*30', 'Medium', '30MM', '42x35x35 ', 1400, 413, 0, 902, 0, 0),
(40219, 'SIMILAR CONNECTOR HOLDER', '4  7289*7428*40', 'Medium', '28MM', '36x30x35 ', 1400, 413, 0, 933, 0, 0),
(40220, 'SIMILAR CONNECTOR HOLDER', '3 7289*7428*30', 'Medium', '28MM', '36x30x35 ', 1400, 413, 0, 944, 0, 0),
(40221, 'SIMILAR CONNECTOR HOLDER', '2 7289*7428*40', 'Medium', '28MM', '36x30x35 ', 1400, 413, 0, 913, 0, 0),
(40222, 'SIMILAR CONNECTOR HOLDER', '1 7289*7428*30', 'Medium', '28MM', '36x30x35', 1400, 413, 0, 911, 0, 0),
(40223, 'SIMILAR CONNECTOR HOLDER', '43 7289*7040*30', 'Medium', '26MM', '32x31x30 ', 1400, 413, 0, 911, 0, 0),
(40224, 'SIMILAR CONNECTOR HOLDER', '12 7289*8228*40', 'Medium', '26MM', '37x30x30 ', 1400, 413, 0, 902, 0, 0),
(40225, 'SIMILAR CONNECTOR HOLDER', '83 7189*7430*30', 'Medium', '32MM', '30x36x30 ', 1400, 413, 0, 922, 0, 0),
(40226, 'SIMILAR CONNECTOR HOLDER', '501 7189*7039*40', 'Medium', '33MM', '35x30x42 ', 1400, 413, 0, 922, 0, 0),
(40227, 'SIMILAR CONNECTOR HOLDER', '500 7287*1915*30', 'Medium', '27MM', '38x26x30 ', 1400, 413, 0, 922, 0, 0),
(40228, 'SIMILAR CONNECTOR HOLDER', '508 7286*1918*40', 'Medium', '30MM', '30x43x48 ', 1400, 413, 0, 922, 0, 0),
(40229, 'SIMILAR CONNECTOR HOLDER', '51 7289*7040*30', 'Large', '39MM', '31x38x30', 1600, 482, 0, 922, 0, 0),
(40230, 'SIMILAR CONNECTOR HOLDER', '27 7289*0896*30', 'Large', '43MM', '45x40x30', 1600, 482, 0, 922, 0, 0),
(40231, 'SIMILAR CONNECTOR HOLDER', '56 7289*7040*40', 'Large', '38MM', '36x42x44', 1600, 482, 0, 922, 0, 0),
(40232, 'SIMILAR CONNECTOR HOLDER', '11 7289*7253*30', 'Large', '41MM', '46x37x30', 1600, 482, 0, 911, 0, 0),
(40233, 'SIMILAR CONNECTOR HOLDER', '30 7289*1495*30', 'Large', '49MM', '53x40x30', 1600, 482, 0, 922, 0, 0),
(40234, 'SIMILAR CONNECTOR HOLDER', '31 7289*7435*30', 'Large', '41MM', '47x36x30', 1600, 482, 0, 922, 0, 0),
(40235, 'SIMILAR CONNECTOR HOLDER', '40 7289*4200*30', 'Large', '38MM', '36x42x30', 1600, 482, 0, 922, 0, 0),
(40236, 'SIMILAR CONNECTOR HOLDER', '85 7289*7435*30', 'Large', '45MM', '47x36x30', 1600, 482, 0, 910, 0, 0),
(40237, 'SIMILAR CONNECTOR HOLDER', '9 7289*7435*30', 'Large', '44MM', '47x36x30', 1600, 482, 0, 933, 0, 0),
(40238, 'SIMILAR CONNECTOT HOLDER', '85 7289*7435*30', 'Large', '45MM', '47x36x30 ', 1600, 482, 0, 944, 0, 0),
(40239, 'SIMILAR CONNECTOR HOLDER', '13 7289*7253*30', 'Large', '42MM', '46x37x30', 1600, 482, 0, 911, 0, 0),
(40240, 'SIMILAR CONNECTOR HOLDER', '82 7289*0552*30', 'Large', '43MM', '47.5x39.5x30', 1600, 482, 0, 897, 0, 0),
(40241, 'SIMILAR CONNECTOR HOLDER', ' 50 7289*7431*30', 'Large', '48MM', '53x47x36', 1600, 482, 0, 913, 0, 0),
(40242, 'SIMILAR CONNECTOR HOLDER', '20 7283*7699*30', 'Large', '44MM', '48x48x30', 1600, 482, 0, 930, 0, 0),
(40243, 'SIMILAR CONNECTOR HOLDER', '60 7283*4798*30', 'Large', '37MM', '35x39x30', 1600, 482, 0, 924, 0, 0),
(40244, 'SIMILAR CONNECTOR HOLDER', '525 7283*4272*30', 'Large', '42MM', '45x52x30', 1600, 482, 0, 933, 0, 0),
(40245, 'SIMILAR CONNECTOR HOLDER', '19 7289*7252*30', 'Large', '37MM', '33x39x30', 1600, 482, 0, 930, 0, 0),
(40246, 'SIMILAR CONNECTOR HOLDER', '16 7289*7431*30', 'Large', '48MM', '40x50x38', 1600, 482, 0, 923, 0, 0),
(40247, 'SIMILAR CONNECTOR HOLDER', '5 7289*0896*30', 'Large', '40MM', '31.5x44x30', 1600, 482, 0, 930, 0, 0),
(40248, 'SIMILAR CONNECTOR HOLDER', '100 7289*7433*30', 'Large', '43MM', '50x396x35', 1600, 482, 0, 930, 0, 0),
(40249, 'SIMILAR CONNECTOR HOLDER', '13 7283*7253*30', 'Large', '40MM', '46x37x30', 1600, 482, 0, 928, 0, 0),
(40250, 'SIMILAR CONNECTOR HOLDER', '8/9 7289*7435*30', 'Large', '41MM', '47x36x30 ', 1600, 482, 0, 930, 0, 0),
(40251, 'SIMILAR CONNECTOR HOLDER', '64 7283*1648*30', 'Large', '44MM', '44x50x35 ', 1600, 482, 0, 923, 0, 0),
(40252, 'SIMILAR CONNECTOR HOLDER', '7 7289*7040*30', 'Large', '40MM', '45x33x30', 1600, 482, 0, 930, 0, 0),
(40253, 'SIMILAR CONNECTOR HOLDER', '71 723*4673*40', 'Large', '38MM', '32x42x30', 1600, 482, 0, 930, 0, 0),
(40254, 'SIMILAR CONNECTOR HOLDER', '31 7289*7435*30', 'Large', '40MM', '47x36x30', 1600, 482, 0, 930, 0, 0),
(40255, 'SIMILAR CONNECTOR HOLDER', '551 7253*4272*30', 'Large', '40MM', '45x52x30', 1600, 482, 0, 930, 0, 0),
(40256, 'SIMILAR CONNECTOR HOLDER', '21 7283*7699*30', 'Large', '42MM', '48x48x30', 1600, 482, 0, 930, 0, 0),
(40257, 'SIMILAR CONNECTOR HOLDER', '88/87 7289*0552*30', 'Large', '43MM', '47x39.5x30', 1600, 482, 0, 930, 0, 0),
(40258, 'SIMILAR CONNECTOR HOLDER', '85/86 7289*7435*30', 'Large', '45MM', '47x36x30', 1600, 482, 0, 923, 0, 0),
(40259, 'SIMILAR CONNECTOR HOLDER', '35/36 7289*4200*30', 'Large', '38MM', '36x42x30', 1600, 482, 0, 930, 0, 0),
(40260, 'SIMILAR CONNECTOR HOLDER', '19 7289*7252*30', 'Large', '36MM', '33x39x30', 1600, 482, 0, 930, 0, 0),
(40261, 'SIMILAR CONNECTOR HOLDER', '98 7283*4276*30', 'Large', '37MM', '32x42x30', 1600, 482, 0, 934, 0, 0),
(40262, 'SIMILAR CONNECTOR HOLDER', '40 7289*4200*30', 'Large', '40MM', '46x34x30', 1600, 482, 0, 933, 0, 0),
(40263, 'SIMILAR CONNECTOR HOLDER', '527 7283*4774*30', 'Large', '39MM', '46x41.5x30', 1600, 482, 0, 902, 0, 0),
(40264, 'SIMILAR CONNECTOR HOLDER', '134 7283*4276*30', 'Large', '37MM', '36x43x30', 1600, 482, 0, 922, 0, 0),
(40265, 'SIMILAR CONNECTOR HOLDER', '41 7289*0896*30', 'Large', '40MM', '39x27x30', 1600, 482, 0, 902, 0, 0),
(40266, 'SIMILAR CONNECTOR HOLDER', '52 7289*7040*30', 'Large', '36MM', '32x38x30', 1600, 482, 0, 933, 0, 0),
(40267, 'SIMILAR CONNECTOR HOLDER', '92 7283*8355*30', 'Large', '46MM', '57x41x30', 1600, 482, 0, 888, 0, 0),
(40268, 'SIMILAR CONNECTOR HOLDER', '72 7287*8455*30', 'Large', '50MM', '52x52x30', 1600, 482, 0, 911, 0, 0),
(40269, 'SIMILAR CONNECTOR HOLDER', '93 7289*5747*30', 'Large', '50MM', '58x52x30', 1600, 482, 0, 944, 0, 0),
(40270, 'SIMILAR CONNECTOR HOLDER', '99 7289*7433*30', 'Large', '50MM', '50x39x35', 1600, 482, 0, 944, 0, 0),
(40271, 'SIMILAR CONNECTOR HOLDER', '35 7289*4200*30', 'Large', '39MM', '36x42x30 ', 1600, 482, 0, 944, 0, 0),
(40272, 'SIMILAR CONNECTOR HOLDER', '49 7287*8452*30', 'Large', '48MM', '52x42x30', 1600, 482, 0, 922, 0, 0),
(40273, 'SIMILAR CONNECTOR HOLDER', '73 7289-*7040*30', 'Large', '40MM', '45x33x30', 1600, 482, 0, 902, 0, 0),
(40274, 'SIMILAR CONNECTOR HOLDER', '66 7289*7433*30', 'Large', '43MM', '50x39x35', 1600, 482, 0, 911, 0, 0),
(40275, 'CONNECTOR HOLDER, REVISED 6.2 W/ TPO GAUGE', '62 7289*3801*30', 'N/A', 'N/A', 'N/A ', 1280, 525, 0, 911, 0, 0),
(40276, 'CNC CLP/ CLAMP HOLDER, ACETAL', '62 7289*3801*30', 'Small', '25MM', '36x30x30 ', 405, 85, 0, 856, 0, 0),
(40277, 'CNC CLP/ CLAMP HOLDER, ACETAL', '504 7287*1915*90', 'Small', '22MM', '30x30x30 ', 405, 85, 0, 889, 0, 0),
(40278, 'CNC CLP/ CLAMP HOLDER, ACETAL', '506 7289*1915*30\r\n', 'Small', '23MM', '30x30x30', 405, 85, 0, 746, 0, 0),
(40279, 'CNC CLP/ CLAMP HOLDER, ACETAL', '126 7219*1025*30\r\n', ' Small', '25MM', '30x35x30', 405, 85, 0, 876, 0, 0),
(40280, 'CNC CLP/ CLAMP HOLDER, ACETAL', ' 79 7289*8228*30', 'Small', '25MM', '37x30x30 ', 405, 85, 0, 570, 0, 0),
(40281, 'CHECKER IN LINE', '47*1342*30', 'Small', 'N/A', 'N/A', 600, 214, 0, 846, 0, 0),
(40282, 'CHECKER IN LINE', '47*7868*20', 'Medium', 'N/A', 'N/A', 700, 363, 0, 791, 0, 0),
(40283, 'SUB ASSY NAVY HOLDER', '62 7289*3801*30', 'Small', '25MM', '36x30x30 ', 565, 330, 235, 857, 0, 0),
(40284, 'SUB ASSY NAVY HOLDER', '504 7287*1915*90', 'Small', '22MM', '30x30x30 ', 565, 330, 235, 884, 0, 0),
(40285, 'SUB ASSY NAVY HOLDER', '506 7289*1915*30\r\n', 'Small', '23MM', '30x30x30', 565, 330, 235, 799, 0, 0),
(40286, 'SUB ASSY NAVY HOLDER', '126 7219*1025*30\r\n', ' Small', '25MM', '30x35x30', 565, 330, 235, 804, 0, 0),
(40287, 'SUB ASSY NAVY HOLDER', ' 79 7289*8228*30', 'Small', '25MM', '37x30x30 ', 565, 330, 235, 736, 0, 0),
(40289, 'SUB ASSY NAVY HOLDER', '57 7289*7040*30', 'Medium', '35MM', '45x33x30 ', 870, 479, 391, 813, 0, 0),
(40290, 'SUB ASSY NAVY HOLDER', '84 7289*8077*30', 'Medium', '30MM', '42x35x35 ', 870, 479, 391, 837, 0, 0),
(40291, 'SUB ASSY NAVY HOLDER', '4  7289*7428*40', 'Medium', '28MM', '36x30x35 ', 870, 479, 0, 876, 0, 0),
(40292, 'SUB ASSY NAVY HOLDER', '3 7289*7428*30', 'Medium', '28MM', '36x30x35 ', 870, 479, 0, 844, 0, 0),
(40293, 'SUB ASSY NAVY HOLDER', '2 7289*7428*40', 'Medium', '28MM', '36x30x35 ', 870, 479, 0, 899, 0, 0),
(40294, 'SUB ASSY NAVY HOLDER', '1 7289*7428*30', 'Medium', '28MM', '36x30x35', 870, 479, 0, 911, 0, 0),
(40296, 'SUB ASSY NAVY HOLDER', ' 43 7289*7040*30', 'Medium', '26MM', '32x31x30 ', 870, 479, 0, 944, 0, 0),
(40297, 'SUB ASSY NAVY HOLDER', '12 7289*8228*40', 'Medium', '26MM', '37x30x30 ', 870, 479, 0, 933, 0, 0),
(40298, 'SUB ASSY NAVY HOLDER', '83 7189*7430*30', 'Medium', '32MM', '30x36x30 ', 870, 479, 0, 911, 0, 0),
(40299, 'SUB ASSY NAVY HOLDER', '501 7189*7039*40', 'Medium', '33MM', '35x30x42 ', 870, 479, 0, 910, 0, 0),
(40300, 'SUB ASSY NAVY HOLDER', '500 7287*1915*30', 'Medium', '27MM', '38x26x30 ', 870, 479, 0, 911, 0, 0),
(40301, 'SUB ASSY NAVY HOLDER', '508 7286*1918*40', 'Medium', '30MM', '30x43x48 ', 870, 479, 0, 902, 0, 0),
(40302, 'SUB ASSY NAVY HOLDER', '51 7289*7040*30', 'Large', '39MM', '31x38x30', 975, 548, 0, 922, 0, 0),
(40303, 'SUB ASSY NAVY HOLDER', '27 7289*0896*30', 'Large', '43MM', '45x40x30', 975, 548, 0, 924, 0, 0),
(40304, 'SUB ASSY NAVY HOLDER', '56 7289*7040*40', 'Large', '38MM', '36x42x44', 975, 548, 0, 913, 0, 0),
(40305, 'SUB ASSY NAVY HOLDER', '11 7289*7253*30', 'Large', '41MM', '46x37x30', 975, 548, 0, 924, 0, 0),
(40306, 'SUB ASSY NAVY HOLDER', '30 7289*1495*30', 'Large', '49MM', '53x40x30', 975, 548, 0, 933, 0, 0),
(40307, 'SUB ASSY NAVY HOLDER', '31 7289*7435*30', 'Large', '41MM', '47x36x30', 975, 548, 0, 924, 0, 0),
(40308, 'SUB ASSY NAVY HOLDER', '40 7289*4200*30', 'Large', '38MM', '36x42x30', 975, 548, 0, 944, 0, 0),
(40309, 'SUB ASSY NAVY HOLDER', '85 7289*7435*30', 'Large', '45MM', '47x36x30', 975, 548, 0, 910, 0, 0),
(40310, 'SUB ASSY NAVY HOLDER', '9 7289*7435*30', 'Large', '44MM', '47x36x30', 975, 548, 0, 924, 0, 0),
(40311, 'SUB ASSY NAVY HOLDER', '85 7289*7435*30', 'Large', '45MM', '47x36x30 ', 975, 548, 0, 911, 0, 0),
(40312, 'SUB ASSY NAVY HOLDER', '13 7289*7253*30', 'Large', '42MM', '46x37x30', 975, 548, 0, 935, 0, 0),
(40313, 'SUB ASSY NAVY HOLDER', '82 7289*0552*30', 'Large', '43MM', '47.5x39.5x30', 975, 548, 0, 822, 0, 0),
(40314, 'SUB ASSY NAVY HOLDER', ' 50 7289*7431*30', 'Large', '48MM', '53x47x36', 975, 548, 0, 935, 0, 0),
(40315, 'SUB ASSY NAVY HOLDER', '20 7283*7699*30', 'Large', '44MM', '48x48x30', 975, 548, 0, 935, 0, 0),
(40316, 'SUB ASSY NAVY HOLDER', '60 7283*4798*30', 'Large', '37MM', '35x39x30', 975, 548, 0, 955, 0, 0),
(40317, 'SUB ASSY NAVY HOLDER', '525 7283*4272*30', 'Large', '42MM', '45x52x30', 975, 548, 0, 955, 0, 0),
(40318, 'SUB ASSY NAVY HOLDER', '19 7289*7252*30', 'Large', '37MM', '33x39x30', 975, 548, 0, 930, 0, 0),
(40319, 'SUB ASSY NAVY HOLDER', '16 7289*7431*30', 'Large', '48MM', '40x50x38', 975, 548, 0, 924, 0, 0),
(40320, 'SUB ASSY NAVY HOLDER', '5 7289*0896*30', 'Large', '40MM', '31.5x44x30', 975, 548, 0, 930, 0, 0),
(40321, 'SUB ASSY NAVY HOLDER', '100 7289*7433*30', 'Large', '43MM', '50x396x35', 975, 548, 0, 934, 0, 0),
(40322, 'SUB ASSY BODY WITH LOCKPIN', '13 7283*7253*30', 'Large', '40MM', '46x37x30', 975, 548, 0, 934, 0, 0),
(40323, 'SUB ASSY NAVY HOLDER', '8/9 7289*7435*30', 'Large', '41MM', '47x36x30 ', 975, 548, 0, 905, 0, 0),
(40324, 'SUB ASSY NAVY HOLDER', '64 7283*1648*30', 'Large', '44MM', '44x50x35 ', 975, 548, 0, 933, 0, 0),
(40325, 'SUB ASSY NAVY HOLDER', '7 7289*7040*30', 'Large', '40MM', '45x33x30', 975, 548, 0, 912, 0, 0),
(40326, 'SUB ASSY NAVY HOLDER', '71 723*4673*40', 'Large', '38MM', '32x42x30', 975, 548, 0, 910, 0, 0),
(40327, 'SUB ASSY NAVY HOLDER', '31 7289*7435*30', 'Large', '40MM', '47x36x30', 975, 548, 0, 922, 0, 0),
(40328, 'SUB ASSY NAVY HOLDER', '551 7253*4272*30', 'Large', '40MM', '45x52x30', 975, 548, 0, 933, 0, 0),
(40329, 'SUB ASSY NAVY HOLDER', '21 7283*7699*30', 'Large', '42MM', '48x48x30', 975, 548, 0, 922, 0, 0),
(40330, 'SUB ASSY NAVY HOLDER', '88/87 7289*0552*30', 'Large', '43MM', '47x39.5x30', 975, 548, 0, 924, 0, 0),
(40331, 'SUB ASSY NAVY HOLDER', '85/86 7289*7435*30', 'Large', '45MM', '47x36x30', 975, 548, 0, 935, 0, 0),
(40332, 'SUB ASSY NAVY HOLDER', '35/36 7289*4200*30', 'Large', '38MM', '36x42x30', 975, 548, 0, 922, 0, 0),
(40333, 'SUB ASSY NAVY HOLDER', '19 7289*7252*30', 'Large', '36MM', '33x39x30', 975, 548, 0, 902, 0, 0),
(40334, 'SUB ASSY NAVY HOLDERNAVY HOLDER', '98 7283*4276*30', 'Large', '37MM', '32x42x30', 975, 548, 0, 846, 0, 0),
(40335, 'SUB ASSY NAVY HOLDER', '40 7289*4200*30', 'Large', '40MM', '46x34x30', 975, 548, 0, 911, 0, 0),
(40336, 'SUB ASSY NAVY HOLDER', '527 7283*4774*30', 'Large', '39MM', '46x41.5x30', 975, 548, 0, 911, 0, 0),
(40337, 'SUB ASSY NAVY HOLDER', '134 7283*4276*30', 'Large', '37MM', '36x43x30', 975, 548, 0, 912, 0, 0),
(40338, 'SUB ASSY NAVY HOLDER', '41 7289*0896*30', 'Large', '40MM', '39x27x30', 975, 548, 345, 812, 0, 0),
(40339, 'SUB ASSY NAVY HOLDER', '52 7289*7040*30', 'Large', '36MM', '32x38x30', 975, 548, 350, 934, 0, 0),
(40340, 'SUB ASSY NAVY HOLDER', '92 7283*8355*30', 'Large', '46MM', '57x41x30', 975, 548, 45, 935, 0, 0),
(40341, 'SUB ASSY NAVY HOLDER', '72 7287*8455*30', 'Large', '50MM', '52x52x30', 975, 548, 335, 935, 0, 0),
(40342, 'SUB ASSY NAVY HOLDER', '93 7289*5747*30', 'Large', '50MM', '58x52x30', 975, 548, 314, 911, 0, 0),
(40343, 'SUB ASSY NAVY HOLDER', '99 7289*7433*30', 'Large', '50MM', '50x39x35', 975, 548, 390, 935, 0, 0),
(40344, 'SUB ASSY NAVY HOLDER', '35 7289*4200*30', 'Large', '39MM', '36x42x30 ', 975, 548, 381, 837, 0, 0),
(40345, 'SUB ASSY NAVY HOLDER', '49 7287*8452*30', 'Large', '48MM', '52x42x30', 975, 548, 379, 911, 0, 0),
(40346, 'SUB ASSY NAVY HOLDER', '73 7289-*7040*30', 'Large', '40MM', '45x33x30', 975, 548, 356, 955, 0, 0),
(40347, 'SUB ASSY NAVY HOLDER', '66 7289*7433*30', 'Large', '43MM', '50x39x35', 975, 548, 345, 830, 0, 0);

-- --------------------------------------------------------

--
-- Table structure for table `sales`
--

CREATE TABLE `sales` (
  `sales_id` int(11) NOT NULL,
  `sales_date` timestamp NOT NULL DEFAULT current_timestamp() ON UPDATE current_timestamp(),
  `user_id` int(11) UNSIGNED ZEROFILL NOT NULL,
  `customer_id` int(100) NOT NULL
) ENGINE=InnoDB DEFAULT CHARSET=utf8mb4;

--
-- Dumping data for table `sales`
--

INSERT INTO `sales` (`sales_id`, `sales_date`, `user_id`, `customer_id`) VALUES
(100257, '2021-10-06 01:26:30', 00000000003, 10004),
(100258, '2021-10-20 03:42:29', 00000000003, 10008),
(100259, '2021-11-17 14:16:33', 00000000003, 10001),
(100260, '2021-11-18 01:22:29', 00000000003, 10002),
(100261, '2021-12-07 23:35:26', 00000000003, 10003),
(100262, '2022-01-12 01:26:38', 00000000003, 10005),
(100263, '2022-01-26 08:18:38', 00000000003, 10006),
(100264, '2022-02-08 23:27:29', 00000000003, 10007),
(100265, '2021-02-28 01:43:41', 00000000003, 10009),
(100266, '2022-03-02 01:46:28', 00000000003, 10010),
(100267, '2022-04-13 14:54:34', 00000000003, 10001),
(100268, '2022-05-18 00:22:27', 00000000003, 10010),
(100269, '2022-06-14 23:18:19', 00000000003, 10002),
(100270, '2022-07-14 01:25:45', 00000000003, 10009),
(100271, '2022-08-16 15:04:19', 00000000003, 10003),
(100272, '2022-12-22 15:06:50', 00000000003, 10008),
(100273, '2022-09-21 15:09:28', 00000000003, 10004),
(100274, '2022-10-18 01:32:55', 00000000003, 10007),
(100275, '2022-11-15 15:14:49', 00000000003, 10007),
(100276, '2022-11-22 15:17:04', 00000000003, 10006),
(100277, '2022-12-13 15:20:09', 00000000003, 10002),
(100278, '2022-11-15 15:22:59', 00000000003, 10008),
(100279, '2022-12-22 15:36:42', 00000000003, 10009),
(100280, '2022-12-22 15:41:28', 00000000003, 10004),
(100281, '2022-12-22 15:44:12', 00000000003, 10003),
(100282, '2022-12-22 15:47:03', 00000000003, 10008),
(100283, '2022-12-22 15:50:37', 00000000003, 10005),
(100284, '2022-12-22 15:52:35', 00000000003, 10006),
(100285, '2022-12-29 16:00:58', 00000000003, 10001),
(100286, '2023-01-03 07:01:21', 00000000004, 10004),
(100287, '2023-01-03 07:02:07', 00000000004, 10006),
(100288, '2023-01-03 08:08:30', 00000000001, 10001),
(100289, '2023-01-03 10:49:27', 00000000004, 10005),
(100290, '2023-01-04 06:11:00', 00000000004, 10001),
(100291, '2023-01-04 07:42:45', 00000000004, 10005),
(100292, '2023-01-04 09:24:13', 00000000003, 10006),
(100293, '2023-01-08 20:32:08', 00000000001, 10003),
(100294, '2023-01-08 20:48:44', 00000000001, 10009),
(100295, '2023-01-10 04:11:51', 00000000003, 10003),
(100296, '2023-01-14 04:28:27', 00000000001, 10001);

-- --------------------------------------------------------

--
-- Table structure for table `sales_details`
--

CREATE TABLE `sales_details` (
  `sale_details_id` int(100) NOT NULL,
  `sales_id` int(100) NOT NULL,
  `product_id` int(100) NOT NULL,
  `sale_quantity` int(100) NOT NULL,
  `total` int(100) NOT NULL
) ENGINE=InnoDB DEFAULT CHARSET=utf8mb4;

--
-- Dumping data for table `sales_details`
--

INSERT INTO `sales_details` (`sale_details_id`, `sales_id`, `product_id`, `sale_quantity`, `total`) VALUES
(11243, 100257, 40005, 33, 18645),
(11244, 100257, 40087, 45, 11250),
(11245, 100257, 40211, 345, 276000),
(11246, 100257, 40267, 34, 54400),
(11247, 100258, 40009, 67, 58290),
(11248, 100258, 40076, 87, 18270),
(11249, 100258, 40154, 87, 56550),
(11250, 100258, 40001, 87, 49155),
(11251, 100258, 40065, 56, 8120),
(11252, 100258, 40149, 65, 29250),
(11253, 100258, 40276, 54, 21870),
(11254, 100258, 40281, 65, 39000),
(11255, 100258, 40283, 54, 30510),
(11256, 100259, 40002, 23, 12995),
(11257, 100259, 40066, 32, 4640),
(11258, 100259, 40091, 34, 102000),
(11259, 100259, 40150, 56, 25200),
(11260, 100259, 40277, 55, 22275),
(11261, 100259, 40282, 54, 37800),
(11262, 100259, 40284, 40, 22600),
(11263, 100260, 40003, 278, 157070),
(11264, 100260, 40067, 123, 17835),
(11265, 100260, 40093, 124, 372000),
(11266, 100260, 40152, 23, 10350),
(11267, 100260, 40278, 122, 49410),
(11268, 100260, 40285, 122, 68930),
(11269, 100261, 40004, 45, 25425),
(11270, 100261, 40068, 55, 7975),
(11271, 100261, 40094, 45, 135000),
(11272, 100261, 40152, 66, 29700),
(11273, 100261, 40215, 76, 91200),
(11274, 100261, 40278, 54, 21870),
(11275, 100261, 40286, 98, 55370),
(11276, 100262, 40005, 67, 37855),
(11277, 100262, 40069, 98, 14210),
(11278, 100262, 40095, 134, 402000),
(11279, 100262, 40153, 129, 58050),
(11280, 100262, 40216, 157, 188400),
(11281, 100262, 40279, 34, 13770),
(11282, 100262, 40287, 166, 93790),
(11283, 100263, 40006, 199, 173130),
(11284, 100263, 40070, 211, 30595),
(11285, 100263, 40096, 100, 300000),
(11286, 100263, 40154, 100, 65000),
(11287, 100263, 40280, 341, 138105),
(11288, 100263, 40289, 100, 87000),
(11289, 100264, 40007, 67, 58290),
(11290, 100264, 40071, 77, 11165),
(11291, 100264, 40097, 87, 261000),
(11292, 100264, 40155, 77, 50050),
(11293, 100264, 40290, 87, 75690),
(11294, 100265, 40008, 122, 106140),
(11295, 100265, 40072, 122, 17690),
(11296, 100265, 40099, 145, 435000),
(11297, 100265, 40156, 123, 79950),
(11298, 100265, 40291, 34, 29580),
(11299, 100266, 40019, 40, 39000),
(11300, 100266, 40073, 76, 11020),
(11301, 100266, 40074, 66, 9570),
(11302, 100266, 40099, 66, 198000),
(11303, 100266, 40100, 66, 198000),
(11304, 100266, 40157, 66, 42900),
(11305, 100266, 40158, 60, 519000),
(11306, 100266, 40292, 66, 57420),
(11307, 100266, 40293, 45, 39150),
(11308, 100267, 40001, 66, 37290),
(11309, 100267, 40002, 98, 55370),
(11310, 100267, 40003, 87, 49155),
(11311, 100267, 40004, 80, 45200),
(11312, 100267, 40005, 88, 49720),
(11313, 100267, 40006, 70, 60900),
(11314, 100267, 40007, 77, 66990),
(11315, 100267, 40008, 70, 60900),
(11316, 100267, 40009, 67, 58290),
(11317, 100267, 40010, 70, 60900),
(11318, 100267, 40011, 55, 47850),
(11319, 100267, 40012, 57, 49590),
(11320, 100267, 40014, 70, 60900),
(11321, 100267, 40015, 98, 85260),
(11322, 100267, 40016, 89, 77430),
(11323, 100267, 40017, 70, 60900),
(11324, 100267, 40018, 56, 48720),
(11325, 100267, 40019, 56, 54600),
(11326, 100267, 40020, 98, 95550),
(11327, 100268, 40021, 78, 76050),
(11328, 100268, 40022, 78, 76050),
(11329, 100268, 40023, 54, 52650),
(11330, 100268, 40024, 87, 84825),
(11331, 100268, 40025, 37, 36075),
(11332, 100268, 40026, 98, 95550),
(11333, 100268, 40027, 54, 52650),
(11334, 100268, 40028, 89, 86775),
(11335, 100268, 40029, 45, 43875),
(11336, 100268, 40030, 98, 95550),
(11337, 100268, 40031, 56, 54600),
(11338, 100268, 40032, 76, 74100),
(11339, 100268, 40033, 67, 65325),
(11340, 100268, 40034, 98, 95550),
(11341, 100268, 40035, 67, 65325),
(11342, 100268, 40036, 89, 86775),
(11343, 100268, 40037, 90, 87750),
(11344, 100268, 40038, 67, 65325),
(11345, 100268, 40039, 76, 74100),
(11346, 100268, 40040, 56, 54600),
(11347, 100269, 40041, 78, 76050),
(11348, 100269, 40042, 98, 95550),
(11349, 100269, 40043, 78, 76050),
(11350, 100269, 40044, 90, 87750),
(11351, 100269, 40045, 67, 65325),
(11352, 100269, 40046, 65, 63375),
(11353, 100269, 40047, 90, 87750),
(11354, 100269, 40048, 45, 43875),
(11355, 100269, 40049, 76, 74100),
(11356, 100269, 40050, 89, 86775),
(11357, 100269, 40051, 45, 43875),
(11358, 100269, 40052, 76, 74100),
(11359, 100269, 40053, 88, 85800),
(11360, 100269, 40054, 98, 95550),
(11361, 100269, 40055, 67, 65325),
(11362, 100269, 40056, 87, 84825),
(11363, 100269, 40057, 98, 95550),
(11364, 100269, 40058, 78, 76050),
(11365, 100269, 40059, 67, 65325),
(11366, 100269, 40060, 97, 94575),
(11367, 100270, 40061, 99, 96525),
(11368, 100270, 40062, 87, 84825),
(11369, 100270, 40063, 90, 87750),
(11370, 100270, 40064, 65, 63375),
(11371, 100270, 40065, 99, 14355),
(11372, 100270, 40066, 77, 11165),
(11373, 100270, 40067, 56, 8120),
(11374, 100270, 40068, 99, 14355),
(11375, 100270, 40069, 77, 11165),
(11376, 100270, 40070, 98, 14210),
(11377, 100270, 40071, 76, 11020),
(11378, 100270, 40072, 45, 6525),
(11379, 100270, 40073, 37, 5365),
(11380, 100270, 40074, 77, 11165),
(11381, 100270, 40075, 76, 15960),
(11382, 100270, 40076, 87, 18270),
(11383, 100270, 40077, 88, 18480),
(11384, 100270, 40078, 67, 14070),
(11385, 100270, 40079, 87, 18270),
(11386, 100270, 40080, 67, 14070),
(11387, 100271, 40081, 99, 20790),
(11388, 100271, 40082, 67, 14070),
(11389, 100271, 40083, 65, 16250),
(11390, 100271, 40084, 88, 22000),
(11391, 100271, 40085, 55, 13750),
(11392, 100271, 40086, 98, 24500),
(11393, 100271, 40087, 45, 11250),
(11394, 100271, 40088, 33, 8250),
(11395, 100271, 40089, 98, 24500),
(11396, 100271, 40090, 78, 19500),
(11397, 100271, 40091, 76, 228000),
(11398, 100271, 40092, 67, 201000),
(11399, 100271, 40093, 77, 231000),
(11400, 100271, 40094, 98, 294000),
(11401, 100271, 40095, 109, 327000),
(11402, 100271, 40096, 57, 171000),
(11403, 100271, 40097, 67, 201000),
(11404, 100271, 40098, 77, 231000),
(11405, 100271, 40099, 44, 132000),
(11406, 100271, 40100, 35, 105000),
(11407, 100272, 40101, 88, 264000),
(11408, 100272, 40102, 78, 234000),
(11409, 100272, 40103, 76, 304000),
(11410, 100272, 40104, 65, 260000),
(11411, 100272, 40105, 65, 260000),
(11412, 100272, 40106, 87, 348000),
(11413, 100272, 40107, 67, 268000),
(11414, 100272, 40108, 54, 216000),
(11415, 100272, 40109, 76, 304000),
(11416, 100272, 40110, 87, 348000),
(11417, 100272, 40111, 67, 268000),
(11418, 100272, 40112, 87, 348000),
(11419, 100272, 40113, 67, 268000),
(11420, 100272, 40114, 98, 392000),
(11421, 100272, 40115, 67, 268000),
(11422, 100272, 40116, 78, 312000),
(11423, 100272, 40117, 56, 224000),
(11424, 100272, 40118, 87, 348000),
(11425, 100272, 40119, 98, 392000),
(11426, 100272, 40120, 78, 312000),
(11427, 100273, 40121, 89, 356000),
(11428, 100273, 40122, 76, 304000),
(11429, 100273, 40123, 78, 312000),
(11430, 100273, 40124, 67, 268000),
(11431, 100273, 40125, 88, 352000),
(11432, 100273, 40126, 88, 352000),
(11433, 100273, 40127, 77, 308000),
(11434, 100273, 40128, 77, 308000),
(11435, 100273, 40129, 77, 308000),
(11436, 100273, 40130, 98, 392000),
(11437, 100273, 40131, 76, 304000),
(11438, 100273, 40132, 88, 352000),
(11439, 100273, 40133, 56, 224000),
(11440, 100273, 40134, 76, 304000),
(11441, 100273, 40135, 98, 392000),
(11442, 100273, 40136, 98, 392000),
(11443, 100273, 40137, 89, 356000),
(11444, 100273, 40138, 78, 312000),
(11445, 100273, 40139, 76, 304000),
(11446, 100273, 40140, 67, 268000),
(11447, 100274, 40141, 87, 348000),
(11448, 100274, 40142, 76, 304000),
(11449, 100274, 40143, 78, 312000),
(11450, 100274, 40144, 87, 348000),
(11451, 100274, 40145, 78, 312000),
(11452, 100274, 40146, 77, 308000),
(11453, 100274, 40147, 78, 312000),
(11454, 100274, 40148, 77, 308000),
(11455, 100274, 40149, 78, 35100),
(11456, 100274, 40150, 87, 39150),
(11457, 100274, 40151, 89, 40050),
(11458, 100274, 40152, 76, 34200),
(11459, 100274, 40153, 65, 29250),
(11460, 100274, 40154, 67, 43550),
(11461, 100274, 40155, 77, 50050),
(11462, 100274, 40156, 78, 50700),
(11463, 100274, 40157, 78, 50700),
(11464, 100274, 40158, 76, 657400),
(11465, 100274, 40159, 77, 50050),
(11466, 100274, 40160, 78, 50700),
(11467, 100275, 40161, 76, 49400),
(11468, 100275, 40162, 76, 49400),
(11469, 100275, 40163, 88, 57200),
(11470, 100275, 40164, 88, 57200),
(11471, 100275, 40165, 55, 35750),
(11472, 100275, 40166, 44, 35200),
(11473, 100275, 40167, 76, 60800),
(11474, 100275, 40168, 65, 52000),
(11475, 100275, 40169, 66, 52800),
(11476, 100275, 40170, 65, 52000),
(11477, 100275, 40171, 80, 64000),
(11478, 100275, 40172, 77, 61600),
(11479, 100275, 40173, 56, 44800),
(11480, 100275, 40174, 77, 61600),
(11481, 100275, 40175, 98, 78400),
(11482, 100275, 40176, 98, 78400),
(11483, 100275, 40177, 77, 61600),
(11484, 100275, 40178, 98, 78400),
(11485, 100275, 40179, 47, 37600),
(11486, 100275, 40180, 49, 39200),
(11487, 100276, 40181, 122, 97600),
(11488, 100276, 40182, 221, 176800),
(11489, 100276, 40183, 34, 27200),
(11490, 100276, 40184, 30, 24000),
(11491, 100276, 40185, 76, 60800),
(11492, 100276, 40186, 55, 44000),
(11493, 100276, 40187, 55, 44000),
(11494, 100276, 40188, 50, 40000),
(11495, 100276, 40189, 50, 40000),
(11496, 100276, 40190, 55, 44000),
(11497, 100276, 40191, 55, 44000),
(11498, 100276, 40192, 50, 40000),
(11499, 100276, 40193, 55, 44000),
(11500, 100276, 40194, 55, 44000),
(11501, 100276, 40195, 55, 44000),
(11502, 100276, 40196, 55, 44000),
(11503, 100276, 40197, 50, 40000),
(11504, 100276, 40198, 55, 44000),
(11505, 100276, 40199, 55, 44000),
(11506, 100276, 40200, 50, 40000),
(11507, 100277, 40201, 55, 44000),
(11508, 100277, 40202, 50, 40000),
(11509, 100277, 40203, 65, 52000),
(11510, 100277, 40204, 76, 60800),
(11511, 100277, 40205, 50, 40000),
(11512, 100277, 40206, 87, 69600),
(11513, 100277, 40207, 98, 78400),
(11514, 100277, 40208, 76, 60800),
(11515, 100277, 40209, 66, 52800),
(11516, 100277, 40210, 66, 52800),
(11517, 100277, 40211, 87, 69600),
(11518, 100277, 40212, 67, 80400),
(11519, 100277, 40213, 45, 54000),
(11520, 100277, 40214, 87, 104400),
(11521, 100277, 40215, 45, 54000),
(11522, 100277, 40216, 67, 80400),
(11523, 100277, 40217, 87, 121800),
(11524, 100277, 40218, 98, 137200),
(11525, 100277, 40219, 67, 93800),
(11526, 100277, 40220, 56, 78400),
(11527, 100278, 40221, 87, 121800),
(11528, 100278, 40222, 89, 124600),
(11529, 100278, 40223, 89, 124600),
(11530, 100278, 40224, 98, 137200),
(11531, 100278, 40225, 78, 109200),
(11532, 100278, 40226, 78, 109200),
(11533, 100278, 40227, 78, 109200),
(11534, 100278, 40228, 78, 109200),
(11535, 100278, 40229, 78, 124800),
(11536, 100278, 40230, 78, 124800),
(11537, 100278, 40231, 78, 124800),
(11538, 100278, 40232, 89, 142400),
(11539, 100278, 40233, 78, 124800),
(11540, 100278, 40234, 78, 124800),
(11541, 100278, 40235, 78, 124800),
(11542, 100278, 40236, 90, 144000),
(11543, 100278, 40237, 67, 107200),
(11544, 100278, 40238, 56, 89600),
(11545, 100278, 40239, 89, 142400),
(11546, 100278, 40240, 59, 94400),
(11547, 100279, 40240, 44, 70400),
(11548, 100279, 40241, 87, 139200),
(11549, 100279, 40242, 70, 112000),
(11550, 100279, 40243, 76, 121600),
(11551, 100279, 40244, 67, 107200),
(11552, 100279, 40245, 70, 112000),
(11553, 100279, 40246, 77, 123200),
(11554, 100279, 40247, 70, 112000),
(11555, 100279, 40248, 70, 112000),
(11556, 100279, 40249, 70, 112000),
(11557, 100279, 40250, 70, 112000),
(11558, 100279, 40251, 77, 123200),
(11559, 100279, 40252, 70, 112000),
(11560, 100279, 40253, 70, 112000),
(11561, 100279, 40254, 70, 112000),
(11562, 100279, 40255, 70, 112000),
(11563, 100279, 40256, 70, 112000),
(11564, 100279, 40257, 70, 112000),
(11565, 100279, 40258, 77, 123200),
(11566, 100279, 40259, 70, 112000),
(11567, 100279, 40260, 70, 112000),
(11568, 100280, 40261, 66, 105600),
(11569, 100280, 40262, 67, 107200),
(11570, 100280, 40263, 98, 156800),
(11571, 100280, 40264, 78, 124800),
(11572, 100280, 40265, 98, 156800),
(11573, 100280, 40266, 67, 107200),
(11574, 100280, 40267, 78, 124800),
(11575, 100280, 40268, 89, 142400),
(11576, 100280, 40269, 56, 89600),
(11577, 100280, 40270, 56, 89600),
(11578, 100280, 40271, 56, 89600),
(11579, 100280, 40272, 78, 124800),
(11580, 100280, 40273, 98, 156800),
(11581, 100280, 40274, 89, 142400),
(11582, 100280, 40275, 89, 113920),
(11583, 100280, 40276, 90, 36450),
(11584, 100280, 40277, 56, 22680),
(11585, 100280, 40278, 78, 31590),
(11586, 100280, 40279, 90, 36450),
(11587, 100280, 40280, 89, 36045),
(11588, 100281, 40281, 89, 53400),
(11589, 100281, 40282, 155, 108500),
(11590, 100281, 40283, 89, 50285),
(11591, 100281, 40284, 76, 42940),
(11592, 100281, 40285, 79, 44635),
(11593, 100281, 40286, 98, 55370),
(11594, 100281, 40287, 98, 55370),
(11595, 100281, 40289, 87, 75690),
(11596, 100281, 40290, 76, 66120),
(11597, 100281, 40291, 90, 78300),
(11598, 100281, 40292, 90, 78300),
(11599, 100281, 40293, 56, 48720),
(11600, 100281, 40294, 89, 77430),
(11601, 100281, 40296, 56, 48720),
(11602, 100281, 40297, 67, 58290),
(11603, 100281, 40298, 89, 77430),
(11604, 100281, 40299, 90, 78300),
(11605, 100281, 40300, 89, 77430),
(11606, 100282, 40301, 98, 85260),
(11607, 100282, 40302, 78, 76050),
(11608, 100282, 40303, 76, 74100),
(11609, 100282, 40304, 87, 84825),
(11610, 100282, 40305, 76, 74100),
(11611, 100282, 40306, 67, 65325),
(11612, 100282, 40307, 76, 74100),
(11613, 100282, 40308, 56, 54600),
(11614, 100282, 40309, 90, 87750),
(11615, 100282, 40310, 76, 74100),
(11616, 100282, 40311, 89, 86775),
(11617, 100282, 40312, 65, 63375),
(11618, 100282, 40313, 89, 86775),
(11619, 100282, 40314, 65, 63375),
(11620, 100282, 40313, 89, 86775),
(11621, 100282, 40315, 65, 63375),
(11622, 100282, 40316, 45, 43875),
(11623, 100282, 40317, 45, 43875),
(11624, 100282, 40318, 70, 68250),
(11625, 100282, 40319, 76, 74100),
(11626, 100282, 40320, 70, 68250),
(11627, 100283, 40321, 66, 64350),
(11628, 100283, 40322, 66, 64350),
(11629, 100283, 40323, 56, 54600),
(11630, 100283, 40324, 67, 65325),
(11631, 100283, 40325, 88, 85800),
(11632, 100283, 40326, 90, 87750),
(11633, 100283, 40327, 78, 76050),
(11634, 100283, 40328, 67, 65325),
(11635, 100283, 40329, 78, 76050),
(11636, 100283, 40330, 76, 74100),
(11637, 100283, 40331, 65, 63375),
(11638, 100283, 40332, 78, 76050),
(11639, 100283, 40333, 98, 95550),
(11640, 100283, 40334, 65, 63375),
(11641, 100283, 40335, 89, 86775),
(11642, 100283, 40336, 89, 86775),
(11643, 100283, 40337, 88, 85800),
(11644, 100283, 40338, 99, 96525),
(11645, 100283, 40339, 66, 64350),
(11646, 100283, 40340, 65, 63375),
(11647, 100283, 40341, 65, 63375),
(11648, 100283, 40342, 89, 86775),
(11649, 100283, 40343, 65, 63375),
(11650, 100283, 40344, 98, 95550),
(11651, 100283, 40345, 89, 86775),
(11652, 100283, 40346, 45, 43875),
(11653, 100284, 40347, 170, 165750),
(11654, 100284, 40323, 39, 38025),
(11655, 100284, 40334, 89, 86775),
(11656, 100284, 40338, 89, 86775),
(11657, 100284, 40344, 65, 63375),
(11658, 100285, 40002, 80, 45200),
(11659, 100286, 40084, 11, 2750),
(11660, 100287, 40014, 11, 9570),
(11661, 100287, 40034, 122, 118950),
(11662, 100288, 40003, 23, 12995),
(11663, 100288, 40028, 23, 22425),
(11664, 100289, 40009, 340, 295800),
(11665, 100289, 40017, 5, 4350),
(11666, 100290, 40001, 8, 4520),
(11667, 100291, 40008, 24, 20880),
(11668, 100292, 40005, 33, 18645),
(11669, 100293, 40003, 11, 6215),
(11670, 100293, 40015, 2, 1740),
(11671, 100293, 40085, 4, 1000),
(11672, 100294, 40008, 11, 9570),
(11673, 100294, 40028, 2, 1950),
(11674, 100294, 40092, 6, 18000),
(11675, 100295, 40040, 45, 43875),
(11676, 100295, 40062, 57, 55575),
(11677, 100295, 40084, 78, 19500),
(11678, 100296, 40017, 2, 1740),
(11679, 100296, 40249, 2, 3200);

-- --------------------------------------------------------

--
-- Table structure for table `supplier`
--

CREATE TABLE `supplier` (
  `supplier_id` int(100) NOT NULL,
  `company_name` varchar(100) NOT NULL,
  `email` varchar(100) NOT NULL,
  `contact_no` varchar(100) NOT NULL
) ENGINE=InnoDB DEFAULT CHARSET=utf8mb4;

--
-- Dumping data for table `supplier`
--

INSERT INTO `supplier` (`supplier_id`, `company_name`, `email`, `contact_no`) VALUES
(20001, 'Supplier 1', '1supplier@gmail.com', '09760247407'),
(20002, 'Supplier 2', '2supplier@gmail.com', '09282393885'),
(20003, 'Supplier 3', '3supplier@gmail.com', '09918981624'),
(20004, 'Supplier 4', '4supplier@gmail.com', '09271800604'),
(20005, 'Supplier 5', '5supplier@gmail.com', '09532300567');

-- --------------------------------------------------------

--
-- Table structure for table `users`
--

CREATE TABLE `users` (
  `user_id` int(11) UNSIGNED ZEROFILL NOT NULL,
  `firstname` varchar(50) NOT NULL,
  `lastname` varchar(50) NOT NULL,
  `username` varchar(50) NOT NULL,
  `password` varchar(20) NOT NULL,
  `age` int(10) NOT NULL,
  `email` varchar(100) NOT NULL,
  `mobile_number` varchar(50) NOT NULL,
  `privileges` varchar(50) NOT NULL,
  `unique_ID` varchar(100) NOT NULL
) ENGINE=InnoDB DEFAULT CHARSET=utf8mb4;

--
-- Dumping data for table `users`
--

INSERT INTO `users` (`user_id`, `firstname`, `lastname`, `username`, `password`, `age`, `email`, `mobile_number`, `privileges`, `unique_ID`) VALUES
(00000000001, 'Enrico', 'Osabel', 'nekochan', '122100', 21, 'nickoosabel@gmail.com', '09760247407', 'SUPER ADMIN', 'dArk$5kg*fghKWf34%09'),
(00000000002, 'Janine', 'Grimaldo', 'jajagrim', 'janine', 21, 'janine.grimaldo@gmail.com', '09532300567', 'USER', 'dj$k2(Dj59gj&DG738HD'),
(00000000003, 'Mitchie', 'Lamo', 'mitchie', 'password', 22, '\r\nmitshellapotter@gmail.com', '09282393885', 'ADMINISTRATOR', 'l3Vywj48&(2j!@fjDNyG'),
(00000000004, 'Levy', 'Cielo', 'cielolevy_', 'levylevs27', 21, '\r\nlevycielo4@gmail.com', '09271800604', 'ADMINISTRATOR', 'm1tCh1efh57&(fknBH^%'),
(00000000005, 'Mark Joseph', 'Corpuz', 'emphirador', 'shielamae', 24, 'markjosepharevalocorpuz@gmail.com', '09352978371', 'USER', '$Hi3Lafj45*$cndKJ97%'),
(00000000021, 'Sarah Jane ', 'Encinares', 'sarahjane', 'encinares', 29, 'sjencinares@gmail.com', '09522356098', 'ADMINISTRATOR', '322745b20ec3d80443401c0722de73de58f0492a'),
(00000000022, 'Jeron', 'Ricamata', 'jeron', 'ricamata', 27, 'jeronricamata@gmail.com', '09123456789', 'USER', '5b0719c5d562622cdd39f1f417ffdf1818756be5'),
(00000000023, 'Patima', 'Rogelio', 'patima', 'rogelio', 29, 'patimarogelio@gmail.com', '12345678901', 'ADMINISTRATOR', '3682aa541bc2f0e57f20167240c87176f7e9396d'),
(00000000024, 'Delfin', 'Pernia', 'delfin', 'pernia', 44, 'jayrbpc@gmail.com', '090909090909', 'ADMINISTRATOR', '781280bdb04d3d98fb863d47747df2b2fd0a3b3d'),
(00000000025, 'Lizel', 'Pablo', 'lizel', 'pablo', 29, 'lizelPablo@gmail.com', '09896732764', 'USER', '9a5aaac0509808e86c8cfb7c897a1ae8a6752df8'),
(00000000026, 'mika', 'salamanca', 'mikasalanca', 'leafyice21', 21, 'mikasalamanca@gmail.com', '09278586200', 'USER', 'is395VFYmT@pumD(9(jh');

--
-- Indexes for dumped tables
--

--
-- Indexes for table `components`
--
ALTER TABLE `components`
  ADD PRIMARY KEY (`component_id`),
  ADD KEY `Components_Make_FK` (`production_id`),
  ADD KEY `Components_Materials_FK` (`material_id`);

--
-- Indexes for table `customer`
--
ALTER TABLE `customer`
  ADD PRIMARY KEY (`customer_id`);

--
-- Indexes for table `make`
--
ALTER TABLE `make`
  ADD PRIMARY KEY (`production_id`),
  ADD KEY `make_product_fk` (`product_id`);

--
-- Indexes for table `materials`
--
ALTER TABLE `materials`
  ADD PRIMARY KEY (`material_id`),
  ADD KEY `fk_materials_supplier` (`supplier_id`);

--
-- Indexes for table `orderrecord`
--
ALTER TABLE `orderrecord`
  ADD PRIMARY KEY (`order_id`),
  ADD KEY `FK_materials_orderrecord` (`material_id`),
  ADD KEY `FK_supplier_orderrecord` (`supplier_id`),
  ADD KEY `FK_orderrecord_users` (`user_id`);

--
-- Indexes for table `production_log`
--
ALTER TABLE `production_log`
  ADD PRIMARY KEY (`log_id`),
  ADD KEY `Log_Production_FK` (`production_id`);

--
-- Indexes for table `products`
--
ALTER TABLE `products`
  ADD PRIMARY KEY (`product_id`);

--
-- Indexes for table `sales`
--
ALTER TABLE `sales`
  ADD PRIMARY KEY (`sales_id`),
  ADD KEY `fk_user_id` (`user_id`),
  ADD KEY `fk_customer_id` (`customer_id`);

--
-- Indexes for table `sales_details`
--
ALTER TABLE `sales_details`
  ADD PRIMARY KEY (`sale_details_id`),
  ADD KEY `fk_products_id` (`product_id`),
  ADD KEY `fk_sales_id` (`sales_id`);

--
-- Indexes for table `supplier`
--
ALTER TABLE `supplier`
  ADD PRIMARY KEY (`supplier_id`);

--
-- Indexes for table `users`
--
ALTER TABLE `users`
  ADD PRIMARY KEY (`user_id`);

--
-- AUTO_INCREMENT for dumped tables
--

--
-- AUTO_INCREMENT for table `customer`
--
ALTER TABLE `customer`
  MODIFY `customer_id` int(100) NOT NULL AUTO_INCREMENT, AUTO_INCREMENT=12214;

--
-- AUTO_INCREMENT for table `make`
--
ALTER TABLE `make`
  MODIFY `production_id` int(100) NOT NULL AUTO_INCREMENT, AUTO_INCREMENT=50348;

--
-- AUTO_INCREMENT for table `materials`
--
ALTER TABLE `materials`
  MODIFY `material_id` int(100) NOT NULL AUTO_INCREMENT, AUTO_INCREMENT=300015;

--
-- AUTO_INCREMENT for table `orderrecord`
--
ALTER TABLE `orderrecord`
  MODIFY `order_id` int(100) UNSIGNED NOT NULL AUTO_INCREMENT, AUTO_INCREMENT=10135;

--
-- AUTO_INCREMENT for table `production_log`
--
ALTER TABLE `production_log`
  MODIFY `log_id` int(100) NOT NULL AUTO_INCREMENT, AUTO_INCREMENT=49;

--
-- AUTO_INCREMENT for table `products`
--
ALTER TABLE `products`
  MODIFY `product_id` int(100) NOT NULL AUTO_INCREMENT, AUTO_INCREMENT=400212;

--
-- AUTO_INCREMENT for table `sales`
--
ALTER TABLE `sales`
  MODIFY `sales_id` int(11) NOT NULL AUTO_INCREMENT, AUTO_INCREMENT=100297;

--
-- AUTO_INCREMENT for table `sales_details`
--
ALTER TABLE `sales_details`
  MODIFY `sale_details_id` int(100) NOT NULL AUTO_INCREMENT, AUTO_INCREMENT=11680;

--
-- AUTO_INCREMENT for table `supplier`
--
ALTER TABLE `supplier`
  MODIFY `supplier_id` int(100) NOT NULL AUTO_INCREMENT, AUTO_INCREMENT=3432435;

--
-- AUTO_INCREMENT for table `users`
--
ALTER TABLE `users`
  MODIFY `user_id` int(11) UNSIGNED ZEROFILL NOT NULL AUTO_INCREMENT, AUTO_INCREMENT=27;

--
-- Constraints for dumped tables
--

--
-- Constraints for table `components`
--
ALTER TABLE `components`
  ADD CONSTRAINT `Components_Make_FK` FOREIGN KEY (`production_id`) REFERENCES `make` (`production_id`) ON DELETE CASCADE ON UPDATE CASCADE,
  ADD CONSTRAINT `Components_Materials_FK` FOREIGN KEY (`material_id`) REFERENCES `materials` (`material_id`) ON DELETE CASCADE ON UPDATE CASCADE;

--
-- Constraints for table `make`
--
ALTER TABLE `make`
  ADD CONSTRAINT `make_product_fk` FOREIGN KEY (`product_id`) REFERENCES `products` (`product_id`) ON DELETE CASCADE ON UPDATE CASCADE;

--
-- Constraints for table `materials`
--
ALTER TABLE `materials`
  ADD CONSTRAINT `fk_materials_supplier` FOREIGN KEY (`supplier_id`) REFERENCES `supplier` (`supplier_id`) ON DELETE CASCADE ON UPDATE CASCADE;

--
-- Constraints for table `orderrecord`
--
ALTER TABLE `orderrecord`
  ADD CONSTRAINT `FK_materials_orderrecord` FOREIGN KEY (`material_id`) REFERENCES `materials` (`material_id`) ON DELETE CASCADE ON UPDATE CASCADE,
  ADD CONSTRAINT `FK_orderrecord_users` FOREIGN KEY (`user_id`) REFERENCES `users` (`user_id`) ON DELETE CASCADE ON UPDATE CASCADE,
  ADD CONSTRAINT `FK_supplier_orderrecord` FOREIGN KEY (`supplier_id`) REFERENCES `supplier` (`supplier_id`) ON DELETE CASCADE ON UPDATE CASCADE;

--
-- Constraints for table `production_log`
--
ALTER TABLE `production_log`
  ADD CONSTRAINT `Log_Production_FK` FOREIGN KEY (`production_id`) REFERENCES `make` (`production_id`) ON DELETE CASCADE ON UPDATE CASCADE;

--
-- Constraints for table `sales`
--
ALTER TABLE `sales`
  ADD CONSTRAINT `fk_customer_id` FOREIGN KEY (`customer_id`) REFERENCES `customer` (`customer_id`) ON DELETE CASCADE ON UPDATE CASCADE,
  ADD CONSTRAINT `fk_user_id` FOREIGN KEY (`user_id`) REFERENCES `users` (`user_id`) ON DELETE CASCADE ON UPDATE CASCADE;

--
-- Constraints for table `sales_details`
--
ALTER TABLE `sales_details`
  ADD CONSTRAINT `fk_products_id` FOREIGN KEY (`product_id`) REFERENCES `products` (`product_id`) ON DELETE CASCADE ON UPDATE CASCADE,
  ADD CONSTRAINT `fk_sales_id` FOREIGN KEY (`sales_id`) REFERENCES `sales` (`sales_id`) ON DELETE CASCADE ON UPDATE CASCADE;
COMMIT;

/*!40101 SET CHARACTER_SET_CLIENT=@OLD_CHARACTER_SET_CLIENT */;
/*!40101 SET CHARACTER_SET_RESULTS=@OLD_CHARACTER_SET_RESULTS */;
/*!40101 SET COLLATION_CONNECTION=@OLD_COLLATION_CONNECTION */;
